"Timestamp","Preobservation","Postobservation","Action","Reward"
"2022-08-11T15:11:50.373","[0.5313262, 0.025443375, 0.025960501, 0.025622925, 0.2375, 0.025, 0.025, 0.025, 0.2375, 0.025, 0.025, 0.025622925, 0.99481004, 0.99656, 0.9967, 0.99682, 0.99718004, 0.99834, 0.99837, 0.99875, 0.99689, 0.99737, 0.99739, 0.99682, 0.04825, 0.6, 0.1019, 0.9]","[0.5325321, 0.025442725, 0.07414227, 0.025615325, 0.2375, 0.025, 0.025, 0.025, 0.2375, 0.025, 0.025, 0.025, 0.99439, 0.99625, 0.99606, 0.99617994, 0.99683, 0.99801004, 0.99805, 0.99845004, 0.99656, 0.99665, 0.99706, 0.99625, 0.04825, 0.6, 0.1019, 0.9]","[0, 0, 1, 0, 0, 0, 0, 0, 0, 0, 0, 0, 0]","3.5888252"
"2022-08-11T15:11:59.401","[0.5325321, 0.025442725, 0.07414227, 0.025615325, 0.2375, 0.025, 0.025, 0.025, 0.2375, 0.025, 0.025, 0.025, 0.99439, 0.99625, 0.99606, 0.99617994, 0.99683, 0.99801004, 0.99805, 0.99845004, 0.99656, 0.99665, 0.99706, 0.99625, 0.04725, 0.6, 0.1019, 0.9]","[0.53354514, 0.02543575, 0.121339925, 0.025596926, 0.2375, 0.025, 0.025, 0.025, 0.2375, 0.025, 0.025, 0.025, 0.99386, 0.99563, 0.99536, 0.99583, 0.99594, 0.99739, 0.99741995, 0.99766, 0.99573, 0.9952, 0.99633, 0.99474996, 0.04725, 0.6, 0.1019, 0.9]","[0, 0, 1, 0, 0, 0, 0, 0, 0, 0, 0, 0, 0]","3.5859902"
"2022-08-11T15:12:07.440","[0.53354514, 0.02543575, 0.121339925, 0.025596926, 0.2375, 0.025, 0.025, 0.025, 0.2375, 0.025, 0.025, 0.025, 0.99386, 0.99563, 0.99536, 0.99583, 0.99594, 0.99739, 0.99741995, 0.99766, 0.99573, 0.9952, 0.99633, 0.99474996, 0.0545, 0.6, 0.1019, 0.9]","[0.5343934, 0.025423652, 0.17579307, 0.0255546, 0.2375, 0.025, 0.025, 0.025, 0.2375, 0.025, 0.025, 0.025, 0.99300003, 0.99531996, 0.99391997, 0.99522, 0.99523, 0.99634004, 0.99675006, 0.9962, 0.99496, 0.99373, 0.99491996, 0.99324, 0.0545, 0.6, 0.1019, 0.9]","[0, 0, 1, 0, 0, 0, 0, 0, 0, 0, 0, 0, 0]","3.576115"
"2022-08-11T15:12:17.475","[0.5343934, 0.025423652, 0.17579307, 0.0255546, 0.2375, 0.025, 0.025, 0.025, 0.2375, 0.025, 0.025, 0.025, 0.99300003, 0.99531996, 0.99391997, 0.99522, 0.99523, 0.99634004, 0.99675006, 0.9962, 0.99496, 0.99373, 0.99491996, 0.99324, 0.0575, 0.6, 0.1019, 0.9]","[0.53468, 0.025400499, 0.23324578, 0.025530301, 0.2375, 0.025, 0.025, 0.025, 0.2375, 0.025, 0.025, 0.025, 0.99204004, 0.99469, 0.99246, 0.99459, 0.99441004, 0.99489, 0.99609, 0.99474996, 0.99439, 0.99299, 0.99421, 0.9925, 0.0575, 0.6, 0.1019, 0.9]","[0, 0, 1, 0, 0, 0, 0, 0, 0, 0, 0, 0, 0]","3.56896"
"2022-08-11T15:12:25.506","[0.53468, 0.025400499, 0.23324578, 0.025530301, 0.2375, 0.025, 0.025, 0.025, 0.2375, 0.025, 0.025, 0.025, 0.99204004, 0.99469, 0.99246, 0.99459, 0.99441004, 0.99489, 0.99609, 0.99474996, 0.99439, 0.99299, 0.99421, 0.9925, 0.04775, 0.6, 0.1019, 0.9]","[0.5345111, 0.025380027, 0.28095466, 0.025501674, 0.2375, 0.025, 0.025, 0.025, 0.2375, 0.025, 0.025, 0.025, 0.99158996, 0.99403, 0.99170995, 0.99424005, 0.99401003, 0.99415, 0.99539, 0.99402, 0.99346, 0.99151003, 0.99277997, 0.99097997, 0.04775, 0.6, 0.1019, 0.9]","[0, 0, 1, 0, 0, 0, 0, 0, 0, 0, 0, 0, 0]","3.5620296"
"2022-08-11T15:12:34.535","[0.5345111, 0.025380027, 0.28095466, 0.025501674, 0.2375, 0.025, 0.025, 0.025, 0.2375, 0.025, 0.025, 0.025, 0.99158996, 0.99403, 0.99170995, 0.99424005, 0.99401003, 0.99415, 0.99539, 0.99402, 0.99346, 0.99151003, 0.99277997, 0.99097997, 0.04425, 0.6, 0.1019, 0.9]","[0.5344705, 0.0253862, 0.32518017, 0.025476174, 0.2375, 0.025, 0.025, 0.025, 0.2375, 0.025, 0.025, 0.025, 0.99054, 0.99367, 0.99024004, 0.99362, 0.99317, 0.99265, 0.994, 0.99254, 0.99277997, 0.99004, 0.99130994, 0.98947996, 0.04425, 0.6, 0.1019, 0.9]","[0, 0, 1, 0, 0, 0, 0, 0, 0, 0, 0, 0, 0]","3.5543563"
"2022-08-11T15:12:43.562","[0.5344705, 0.0253862, 0.32518017, 0.025476174, 0.2375, 0.025, 0.025, 0.025, 0.2375, 0.025, 0.025, 0.025, 0.99054, 0.99367, 0.99024004, 0.99362, 0.99317, 0.99265, 0.994, 0.99254, 0.99277997, 0.99004, 0.99130994, 0.98947996, 0.0535, 0.6, 0.1013, 0.9]","[0.53456706, 0.02539175, 0.37865263, 0.025465226, 0.2375, 0.025, 0.025, 0.025, 0.2375, 0.025, 0.025, 0.025, 0.98957, 0.99302, 0.98879, 0.99287003, 0.99246, 0.99120003, 0.99257004, 0.99101996, 0.99197, 0.98853993, 0.98987, 0.98797, 0.0535, 0.6, 0.1013, 0.9]","[0, 0, 1, 0, 0, 0, 0, 0, 0, 0, 0, 0, 0]","3.5485904"
"2022-08-11T15:12:54.587","[0.53456706, 0.02539175, 0.37865263, 0.025465226, 0.2375, 0.025, 0.025, 0.025, 0.2375, 0.025, 0.025, 0.025, 0.98957, 0.99302, 0.98879, 0.99287003, 0.99246, 0.99120003, 0.99257004, 0.99101996, 0.99197, 0.98853993, 0.98987, 0.98797, 0.055, 0.6, 0.1013, 0.9]","[0.5348491, 0.025366277, 0.38535848, 0.025440676, 0.2375, 0.025, 0.025, 0.025, 0.2375, 0.025, 0.025, 0.025, 0.98872, 0.99239, 0.98731005, 0.99255997, 0.99147004, 0.98977995, 0.99117, 0.98952, 0.99127, 0.98707, 0.98847, 0.98567003, 0.055, 0.6, 0.1013, 0.9]","[0, 0, 1, 0, 0, 0, 0, 0, 0, 0, 0, 0, 0]","3.5408819"
"2022-08-11T15:13:04.612","[0.5348491, 0.025366277, 0.38535848, 0.025440676, 0.2375, 0.025, 0.025, 0.025, 0.2375, 0.025, 0.025, 0.025, 0.98872, 0.99239, 0.98731005, 0.99255997, 0.99147004, 0.98977995, 0.99117, 0.98952, 0.99127, 0.98707, 0.98847, 0.98567003, 0.05925, 0.6, 0.1013, 0.9]","[0.5352248, 0.025363252, 0.39734685, 0.02542795, 0.2375, 0.025, 0.025, 0.025, 0.2375, 0.025, 0.025, 0.025, 0.98767996, 0.99176, 0.98585, 0.99157, 0.9907, 0.98834, 0.98976, 0.98803, 0.99046, 0.98559, 0.98704004, 0.98413, 0.05925, 0.6, 0.1013, 0.9]","[0, 0, 1, 0, 0, 0, 0, 0, 0, 0, 0, 0, 0]","3.5363874"
"2022-08-11T15:13:14.636","[0.5352248, 0.025363252, 0.39734685, 0.02542795, 0.2375, 0.025, 0.025, 0.025, 0.2375, 0.025, 0.025, 0.025, 0.98767996, 0.99176, 0.98585, 0.99157, 0.9907, 0.98834, 0.98976, 0.98803, 0.99046, 0.98559, 0.98704004, 0.98413, 0.038, 0.6, 0.1013, 0.9]","[0.5357243, 0.025354825, 0.38082913, 0.025421126, 0.2375, 0.025, 0.025, 0.025, 0.2375, 0.025, 0.025, 0.025, 0.98664004, 0.99109, 0.98439, 0.99126, 0.99003, 0.98689, 0.98834, 0.98697996, 0.98972, 0.98411006, 0.9856, 0.98297995, 0.038, 0.6, 0.1013, 0.9]","[0, 0, 1, 0, 0, 0, 0, 0, 0, 0, 0, 0, 0]","3.5316122"
"2022-08-11T15:13:23.672","[0.5357243, 0.025354825, 0.38082913, 0.025421126, 0.2375, 0.025, 0.025, 0.025, 0.2375, 0.025, 0.025, 0.025, 0.98664004, 0.99109, 0.98439, 0.99126, 0.99003, 0.98689, 0.98834, 0.98697996, 0.98972, 0.98411006, 0.9856, 0.98297995, 0.0465, 0.6, 0.1013, 1.0]","[0.53618383, 0.025341624, 0.42371228, 0.025409974, 0.2375, 0.025, 0.025, 0.025, 0.2375, 0.025, 0.025, 0.025, 0.98572, 0.99043, 0.98366, 0.99061996, 0.98923, 0.98542, 0.98691005, 0.98551005, 0.98890996, 0.98262, 0.98415, 0.9815, 0.0465, 0.6, 0.1013, 1.0]","[0, 0, 1, 0, 0, 0, 0, 0, 0, 0, 0, 0, 0]","3.5292013"
"2022-08-11T15:13:34.698","[0.53618383, 0.025341624, 0.42371228, 0.025409974, 0.2375, 0.025, 0.025, 0.025, 0.2375, 0.025, 0.025, 0.025, 0.98572, 0.99043, 0.98366, 0.99061996, 0.98923, 0.98542, 0.98691005, 0.98551005, 0.98890996, 0.98262, 0.98415, 0.9815, 0.03825, 0.6, 0.1013, 1.0]","[0.5363812, 0.025341624, 0.46196228, 0.025409974, 0.2375, 0.025, 0.025, 0.025, 0.2375, 0.025, 0.025, 0.025, 0.98517996, 0.99043, 0.98366, 0.99061996, 0.98844004, 0.9839, 0.98553, 0.98403, 0.98807997, 0.98112, 0.98266, 0.97998, 0.03825, 0.6, 0.1013, 1.0]","[0, 0, 1, 0, 0, 0, 0, 0, 0, 0, 0, 0, 0]","3.5218287"
"2022-08-11T15:13:44.728","[0.5363812, 0.025341624, 0.46196228, 0.025409974, 0.2375, 0.025, 0.025, 0.025, 0.2375, 0.025, 0.025, 0.025, 0.98517996, 0.99043, 0.98366, 0.99061996, 0.98844004, 0.9839, 0.98553, 0.98403, 0.98807997, 0.98112, 0.98266, 0.97998, 0.04125, 0.6, 0.1013, 1.0]","[0.53711265, 0.025322873, 0.35725927, 0.025399549, 0.2375, 0.025, 0.025, 0.025, 0.2375, 0.025, 0.025, 0.025, 0.9842, 0.98913, 0.98069, 0.98929, 0.98769, 0.98241997, 0.98455, 0.98249, 0.9872, 0.97963995, 0.98122, 0.97853994, 0.04125, 0.6, 0.1013, 1.0]","[0, 0, 1, 0, 0, 0, 0, 0, 0, 0, 0, 0, 0]","3.5240233"
"2022-08-11T15:13:54.750","[0.53711265, 0.025322873, 0.35725927, 0.025399549, 0.2375, 0.025, 0.025, 0.025, 0.2375, 0.025, 0.025, 0.025, 0.9842, 0.98913, 0.98069, 0.98929, 0.98769, 0.98241997, 0.98455, 0.98249, 0.9872, 0.97963995, 0.98122, 0.97853994, 0.0445, 0.6, 0.1013, 1.0]","[0.5377033, 0.025325675, 0.34824377, 0.02539995, 0.2375, 0.025, 0.025, 0.025, 0.2375, 0.025, 0.025, 0.025, 0.98323995, 0.98850995, 0.97846, 0.98866, 0.98692, 0.98095, 0.98344004, 0.98096, 0.98638, 0.97816, 0.97976995, 0.97708, 0.0445, 0.6, 0.1013, 1.0]","[0, 0, 1, 0, 0, 0, 0, 0, 0, 0, 0, 0, 0]","3.5176554"
"2022-08-11T15:14:04.769","[0.5377033, 0.025325675, 0.34824377, 0.02539995, 0.2375, 0.025, 0.025, 0.025, 0.2375, 0.025, 0.025, 0.025, 0.98323995, 0.98850995, 0.97846, 0.98866, 0.98692, 0.98095, 0.98344004, 0.98096, 0.98638, 0.97816, 0.97976995, 0.97708, 0.056, 0.6, 0.1013, 1.0]","[0.5378792, 0.025326775, 0.34923115, 0.025388274, 0.2375, 0.025, 0.025, 0.025, 0.2375, 0.025, 0.025, 0.025, 0.98230004, 0.98785, 0.97772, 0.98796, 0.98587, 0.97949, 0.98213, 0.97943, 0.9857, 0.97665, 0.97830003, 0.97571, 0.056, 0.6, 0.1013, 1.0]","[0, 0, 1, 0, 0, 0, 0, 0, 0, 0, 0, 0, 0]","3.5137508"
"2022-08-11T15:14:16.797","[0.5378792, 0.025326775, 0.34923115, 0.025388274, 0.2375, 0.025, 0.025, 0.025, 0.2375, 0.025, 0.025, 0.025, 0.98230004, 0.98785, 0.97772, 0.98796, 0.98587, 0.97949, 0.98213, 0.97943, 0.9857, 0.97665, 0.97830003, 0.97571, 0.04375, 0.6, 0.1013, 1.0]","[0.537741, 0.025326349, 0.3337173, 0.025380027, 0.2375, 0.025, 0.025, 0.025, 0.2375, 0.025, 0.025, 0.025, 0.98127, 0.98754, 0.97624, 0.98730004, 0.98469, 0.97725, 0.98017, 0.97713995, 0.98496, 0.97514, 0.97740996, 0.97425, 0.04375, 0.6, 0.1013, 1.0]","[0, 0, 1, 0, 0, 0, 0, 0, 0, 0, 0, 0, 0]","3.5125701"
"2022-08-11T15:14:27.822","[0.537741, 0.025326349, 0.3337173, 0.025380027, 0.2375, 0.025, 0.025, 0.025, 0.2375, 0.025, 0.025, 0.025, 0.98127, 0.98754, 0.97624, 0.98730004, 0.98469, 0.97725, 0.98017, 0.97713995, 0.98496, 0.97514, 0.97740996, 0.97425, 0.0605, 0.6, 0.1013, 1.0]","[0.537202, 0.025321376, 0.3562043, 0.0253749, 0.2375, 0.025, 0.025, 0.025, 0.2375, 0.025, 0.025, 0.025, 0.97975, 0.98690003, 0.97477996, 0.98667, 0.98383003, 0.97578, 0.97886, 0.97596, 0.98417, 0.97363997, 0.97617996, 0.97289, 0.0605, 0.6, 0.1013, 1.0]","[0, 0, 1, 0, 0, 0, 0, 0, 0, 0, 0, 0, 0]","3.5061471"
"2022-08-11T15:14:38.848","[0.537202, 0.025321376, 0.3562043, 0.0253749, 0.2375, 0.025, 0.025, 0.025, 0.2375, 0.025, 0.025, 0.025, 0.97975, 0.98690003, 0.97477996, 0.98667, 0.98383003, 0.97578, 0.97886, 0.97596, 0.98417, 0.97363997, 0.97617996, 0.97289, 0.05875, 0.6, 0.1013, 1.0]","[0.5370729, 0.0253111, 0.3657041, 0.0253605, 0.2375, 0.025, 0.025, 0.025, 0.2375, 0.025, 0.025, 0.025, 0.97867996, 0.98582, 0.97251, 0.98567003, 0.98316, 0.97422, 0.97756, 0.97483003, 0.98304003, 0.97147006, 0.97392, 0.97094, 0.05875, 0.6, 0.1013, 1.0]","[0, 0, 1, 0, 0, 0, 0, 0, 0, 0, 0, 0, 0]","3.500526"
"2022-08-11T15:14:48.872","[0.5370729, 0.0253111, 0.3657041, 0.0253605, 0.2375, 0.025, 0.025, 0.025, 0.2375, 0.025, 0.025, 0.025, 0.97867996, 0.98582, 0.97251, 0.98567003, 0.98316, 0.97422, 0.97756, 0.97483003, 0.98304003, 0.97147006, 0.97392, 0.97094, 0.0525, 0.6, 0.1013, 1.0]","[0.53651667, 0.025308799, 0.38267705, 0.025357325, 0.2375, 0.025, 0.025, 0.025, 0.2375, 0.025, 0.025, 0.025, 0.97758, 0.98517, 0.97102, 0.98506, 0.98228997, 0.97271, 0.97626, 0.97336996, 0.98223, 0.97009003, 0.97243, 0.96959996, 0.0525, 0.6, 0.1013, 1.0]","[0, 0, 1, 0, 0, 0, 0, 0, 0, 0, 0, 0, 0]","3.49533"
"2022-08-11T15:14:59.898","[0.53651667, 0.025308799, 0.38267705, 0.025357325, 0.2375, 0.025, 0.025, 0.025, 0.2375, 0.025, 0.025, 0.025, 0.97758, 0.98517, 0.97102, 0.98506, 0.98228997, 0.97271, 0.97626, 0.97336996, 0.98223, 0.97009003, 0.97243, 0.96959996, 0.05825, 0.6, 0.1013, 1.0]","[0.53585714, 0.02530085, 0.39966804, 0.0253514, 0.2375, 0.025, 0.025, 0.025, 0.2375, 0.025, 0.025, 0.025, 0.97651, 0.98453003, 0.96954, 0.98442, 0.98129, 0.97117996, 0.97495, 0.97186, 0.98132, 0.96859, 0.97099996, 0.96825, 0.05825, 0.6, 0.1013, 1.0]","[0, 0, 1, 0, 0, 0, 0, 0, 0, 0, 0, 0, 0]","3.4892204"
"2022-08-11T15:15:12.921","[0.53585714, 0.02530085, 0.39966804, 0.0253514, 0.2375, 0.025, 0.025, 0.025, 0.2375, 0.025, 0.025, 0.025, 0.97651, 0.98453003, 0.96954, 0.98442, 0.98129, 0.97117996, 0.97495, 0.97186, 0.98132, 0.96859, 0.97099996, 0.96825, 0.05125, 0.6, 0.1013, 1.0]","[0.5355225, 0.025297325, 0.4024095, 0.025343, 0.2375, 0.025, 0.025, 0.025, 0.2375, 0.025, 0.025, 0.025, 0.97549003, 0.9839, 0.96806, 0.9838, 0.97997004, 0.96893996, 0.97283, 0.96959, 0.98054004, 0.96724, 0.96949, 0.96689004, 0.05125, 0.6, 0.1013, 1.0]","[0, 0, 1, 0, 0, 0, 0, 0, 0, 0, 0, 0, 0]","3.4831672"
"2022-08-11T15:15:23.944","[0.5355225, 0.025297325, 0.4024095, 0.025343, 0.2375, 0.025, 0.025, 0.025, 0.2375, 0.025, 0.025, 0.025, 0.97549003, 0.9839, 0.96806, 0.9838, 0.97997004, 0.96893996, 0.97283, 0.96959, 0.98054004, 0.96724, 0.96949, 0.96689004, 0.054, 0.6, 0.1013, 0.8]","[0.535222, 0.025294451, 0.40440047, 0.025340125, 0.2375, 0.025, 0.025, 0.025, 0.2375, 0.025, 0.025, 0.025, 0.97449994, 0.98328, 0.96662, 0.98317003, 0.97896004, 0.96740997, 0.97135, 0.96805, 0.97943, 0.96505, 0.96752, 0.96468, 0.054, 0.6, 0.1013, 0.8]","[0, 0, 1, 0, 0, 0, 0, 0, 0, 0, 0, 0, 0]","3.4786708"
"2022-08-11T15:15:33.966","[0.535222, 0.025294451, 0.40440047, 0.025340125, 0.2375, 0.025, 0.025, 0.025, 0.2375, 0.025, 0.025, 0.025, 0.97449994, 0.98328, 0.96662, 0.98317003, 0.97896004, 0.96740997, 0.97135, 0.96805, 0.97943, 0.96505, 0.96752, 0.96468, 0.03825, 0.6, 0.1013, 0.8]","[0.53539944, 0.025287874, 0.33839104, 0.025332475, 0.2375, 0.025, 0.025, 0.025, 0.2375, 0.025, 0.025, 0.025, 0.97346, 0.98232, 0.96511, 0.9825, 0.97806, 0.96586996, 0.96987, 0.96652, 0.97867996, 0.96366996, 0.96611, 0.96346, 0.03825, 0.6, 0.1013, 0.8]","[0, 0, 1, 0, 0, 0, 0, 0, 0, 0, 0, 0, 0]","3.474384"
"2022-08-11T15:15:44.988","[0.53539944, 0.025287874, 0.33839104, 0.025332475, 0.2375, 0.025, 0.025, 0.025, 0.2375, 0.025, 0.025, 0.025, 0.97346, 0.98232, 0.96511, 0.9825, 0.97806, 0.96586996, 0.96987, 0.96652, 0.97867996, 0.96366996, 0.96611, 0.96346, 0.056, 0.6, 0.1013, 1.0]","[0.5354948, 0.025291149, 0.39438587, 0.02532835, 0.2375, 0.025, 0.025, 0.025, 0.2375, 0.025, 0.025, 0.025, 0.9718, 0.98197997, 0.96361, 0.98186, 0.97719, 0.96434, 0.96838, 0.965, 0.97775, 0.96224, 0.96476996, 0.96215, 0.056, 0.6, 0.1013, 1.0]","[0, 0, 1, 0, 0, 0, 0, 0, 0, 0, 0, 0, 0]","3.4732597"
"2022-08-11T15:15:55.018","[0.5354948, 0.025291149, 0.39438587, 0.02532835, 0.2375, 0.025, 0.025, 0.025, 0.2375, 0.025, 0.025, 0.025, 0.9718, 0.98197997, 0.96361, 0.98186, 0.97719, 0.96434, 0.96838, 0.965, 0.97775, 0.96224, 0.96476996, 0.96215, 0.0585, 0.6, 0.1013, 0.8]","[0.53557223, 0.025287751, 0.39412683, 0.025330499, 0.2375, 0.025, 0.025, 0.025, 0.2375, 0.025, 0.025, 0.025, 0.97078, 0.98136, 0.96209997, 0.98123, 0.97637004, 0.96282, 0.96690005, 0.96365, 0.97689, 0.96089, 0.96344, 0.96089, 0.0585, 0.6, 0.1013, 0.8]","[0, 0, 1, 0, 0, 0, 0, 0, 0, 0, 0, 0, 0]","3.4656668"
"2022-08-11T15:16:04.041","[0.53557223, 0.025287751, 0.39412683, 0.025330499, 0.2375, 0.025, 0.025, 0.025, 0.2375, 0.025, 0.025, 0.025, 0.97078, 0.98136, 0.96209997, 0.98123, 0.97637004, 0.96282, 0.96690005, 0.96365, 0.97689, 0.96089, 0.96344, 0.96089, 0.05175, 0.6, 0.1013, 1.0]","[0.5353553, 0.02528455, 0.3933678, 0.025335476, 0.2375, 0.025, 0.025, 0.025, 0.2375, 0.025, 0.025, 0.025, 0.96977997, 0.98073, 0.96057, 0.98060995, 0.97547996, 0.96129, 0.9654, 0.96216005, 0.97599, 0.95954, 0.96199995, 0.95963997, 0.05175, 0.6, 0.1013, 1.0]","[0, 0, 1, 0, 0, 0, 0, 0, 0, 0, 0, 0, 0]","3.462206"
"2022-08-11T15:16:15.065","[0.5353553, 0.02528455, 0.3933678, 0.025335476, 0.2375, 0.025, 0.025, 0.025, 0.2375, 0.025, 0.025, 0.025, 0.96977997, 0.98073, 0.96057, 0.98060995, 0.97547996, 0.96129, 0.9654, 0.96216005, 0.97599, 0.95954, 0.96199995, 0.95963997, 0.05675, 0.6, 0.1013, 1.0]","[0.5352015, 0.025285225, 0.38759112, 0.0253339, 0.2375, 0.025, 0.025, 0.025, 0.2375, 0.025, 0.025, 0.025, 0.96925, 0.98011, 0.95909, 0.97997004, 0.97464997, 0.95975, 0.96405, 0.9607, 0.97514, 0.95815, 0.96068, 0.95835996, 0.05675, 0.6, 0.1013, 1.0]","[0, 0, 1, 0, 0, 0, 0, 0, 0, 0, 0, 0, 0]","3.457349"
"2022-08-11T15:16:25.090","[0.5352015, 0.025285225, 0.38759112, 0.0253339, 0.2375, 0.025, 0.025, 0.025, 0.2375, 0.025, 0.025, 0.025, 0.96925, 0.98011, 0.95909, 0.97997004, 0.97464997, 0.95975, 0.96405, 0.9607, 0.97514, 0.95815, 0.96068, 0.95835996, 0.05075, 0.6, 0.1013, 1.0]","[0.53492993, 0.02527985, 0.39135417, 0.025326725, 0.2375, 0.025, 0.025, 0.025, 0.2375, 0.025, 0.025, 0.025, 0.96819997, 0.97910005, 0.95762, 0.97931, 0.97378, 0.95831, 0.96258, 0.95932996, 0.97419, 0.95661, 0.95939004, 0.95698, 0.05075, 0.6, 0.1013, 1.0]","[0, 0, 1, 0, 0, 0, 0, 0, 0, 0, 0, 0, 0]","3.4536219"
"2022-08-11T15:16:35.112","[0.53492993, 0.02527985, 0.39135417, 0.025326725, 0.2375, 0.025, 0.025, 0.025, 0.2375, 0.025, 0.025, 0.025, 0.96819997, 0.97910005, 0.95762, 0.97931, 0.97378, 0.95831, 0.96258, 0.95932996, 0.97419, 0.95661, 0.95939004, 0.95698, 0.05275, 0.6, 0.1013, 0.8]","[0.53461045, 0.025277901, 0.3901004, 0.02532555, 0.2375, 0.025, 0.025, 0.025, 0.2375, 0.025, 0.025, 0.025, 0.96726, 0.97877, 0.95615, 0.9786, 0.9728, 0.95685, 0.96108, 0.95795995, 0.97325, 0.95519996, 0.95814, 0.95562, 0.05275, 0.6, 0.1013, 0.8]","[0, 0, 1, 0, 0, 0, 0, 0, 0, 0, 0, 0, 0]","3.448776"
"2022-08-11T15:16:46.152","[0.53461045, 0.025277901, 0.3901004, 0.02532555, 0.2375, 0.025, 0.025, 0.025, 0.2375, 0.025, 0.025, 0.025, 0.96726, 0.97877, 0.95615, 0.9786, 0.9728, 0.95685, 0.96108, 0.95795995, 0.97325, 0.95519996, 0.95814, 0.95562, 0.0465, 0.6, 0.1013, 0.8]","[0.5342436, 0.025278524, 0.39834365, 0.025323324, 0.2375, 0.025, 0.025, 0.025, 0.2375, 0.025, 0.025, 0.025, 0.96628, 0.97810996, 0.95473, 0.97793, 0.97195, 0.95535004, 0.95959, 0.95658994, 0.97231, 0.95384, 0.95681, 0.95441, 0.0465, 0.6, 0.1013, 0.8]","[0, 0, 1, 0, 0, 0, 0, 0, 0, 0, 0, 0, 0]","3.445083"
"2022-08-11T15:16:56.175","[0.5342436, 0.025278524, 0.39834365, 0.025323324, 0.2375, 0.025, 0.025, 0.025, 0.2375, 0.025, 0.025, 0.025, 0.96628, 0.97810996, 0.95473, 0.97793, 0.97195, 0.95535004, 0.95959, 0.95658994, 0.97231, 0.95384, 0.95681, 0.95441, 0.0495, 0.6, 0.1013, 1.0]","[0.53408563, 0.0252733, 0.3918372, 0.025321076, 0.2375, 0.025, 0.025, 0.025, 0.2375, 0.025, 0.025, 0.025, 0.96537, 0.97749, 0.95334, 0.97731, 0.97099, 0.95389, 0.95809996, 0.95441, 0.97143996, 0.95255, 0.95549005, 0.95313, 0.0495, 0.6, 0.1013, 1.0]","[0, 0, 1, 0, 0, 0, 0, 0, 0, 0, 0, 0, 0]","3.4447598"
"2022-08-11T15:17:05.197","[0.53408563, 0.0252733, 0.3918372, 0.025321076, 0.2375, 0.025, 0.025, 0.025, 0.2375, 0.025, 0.025, 0.025, 0.96537, 0.97749, 0.95334, 0.97731, 0.97099, 0.95389, 0.95809996, 0.95441, 0.97143996, 0.95255, 0.95549005, 0.95313, 0.04825, 0.6, 0.1013, 0.8]","[0.5341863, 0.025270225, 0.38158032, 0.0253155, 0.2375, 0.025, 0.025, 0.025, 0.2375, 0.025, 0.025, 0.025, 0.96385, 0.97683, 0.95184, 0.9767, 0.97022, 0.95234, 0.9566, 0.95313, 0.97054, 0.95126, 0.95414, 0.95182997, 0.04825, 0.6, 0.1013, 0.8]","[0, 0, 1, 0, 0, 0, 0, 0, 0, 0, 0, 0, 0]","3.4433298"
"2022-08-11T15:17:18.213","[0.5341863, 0.025270225, 0.38158032, 0.0253155, 0.2375, 0.025, 0.025, 0.025, 0.2375, 0.025, 0.025, 0.025, 0.96385, 0.97683, 0.95184, 0.9767, 0.97022, 0.95234, 0.9566, 0.95313, 0.97054, 0.95126, 0.95414, 0.95182997, 0.06075, 0.6, 0.1013, 0.9]","[0.5343401, 0.025267074, 0.44233322, 0.025315873, 0.2375, 0.025, 0.025, 0.025315873, 0.2375, 0.025, 0.025, 0.025, 0.96339, 0.97615, 0.9504, 0.97606003, 0.96898, 0.95015997, 0.95448995, 0.97606003, 0.96966004, 0.94987, 0.95287, 0.95055, 0.06075, 0.6, 0.1013, 0.9]","[0, 0, 1, 0, 0, 0, 0, 0, 0, 0, 0, 0, 0]","3.436661"
"2022-08-11T15:17:28.227","[0.5343401, 0.025267074, 0.44233322, 0.025315873, 0.2375, 0.025, 0.025, 0.025315873, 0.2375, 0.025, 0.025, 0.025, 0.96339, 0.97615, 0.9504, 0.97606003, 0.96898, 0.95015997, 0.95448995, 0.97606003, 0.96966004, 0.94987, 0.95287, 0.95055, 0.03925, 0.6, 0.1013, 1.0]","[0.53478473, 0.02526515, 0.37308148, 0.025309876, 0.2375, 0.025, 0.025, 0.025, 0.2375, 0.025, 0.025, 0.025, 0.96191, 0.97545, 0.94892997, 0.97543, 0.96809, 0.94869006, 0.95308995, 0.94948, 0.96878, 0.94858, 0.95151, 0.94921994, 0.03925, 0.6, 0.1013, 1.0]","[0, 0, 1, 0, 0, 0, 0, 0, 0, 0, 0, 0, 0]","3.4350798"
"2022-08-11T15:17:40.247","[0.53478473, 0.02526515, 0.37308148, 0.025309876, 0.2375, 0.025, 0.025, 0.025, 0.2375, 0.025, 0.025, 0.025, 0.96191, 0.97545, 0.94892997, 0.97543, 0.96809, 0.94869006, 0.95308995, 0.94948, 0.96878, 0.94858, 0.95151, 0.94921994, 0.048, 0.6, 0.1013, 1.0]","[0.53493, 0.025264, 0.370325, 0.025306925, 0.2375, 0.025, 0.025, 0.025, 0.2375, 0.025, 0.025, 0.025306925, 0.96146005, 0.97479, 0.9475, 0.97477996, 0.96722, 0.94725996, 0.95155996, 0.94822, 0.96742994, 0.9465, 0.94948995, 0.97477996, 0.048, 0.6, 0.1013, 1.0]","[0, 0, 1, 0, 0, 0, 0, 0, 0, 0, 0, 0, 0]","3.4281735"
"2022-08-11T15:17:48.262","[0.53493, 0.025264, 0.370325, 0.025306925, 0.2375, 0.025, 0.025, 0.025, 0.2375, 0.025, 0.025, 0.025306925, 0.96146005, 0.97479, 0.9475, 0.97477996, 0.96722, 0.94725996, 0.95155996, 0.94822, 0.96742994, 0.9465, 0.94948995, 0.97477996, 0.04525, 0.6, 0.1013, 0.8]","[0.5353383, 0.02526165, 0.36282343, 0.025306826, 0.2375, 0.025, 0.025, 0.025, 0.2375, 0.025, 0.025, 0.025, 0.95982003, 0.97416997, 0.94615996, 0.97415, 0.96636003, 0.94594, 0.95015, 0.94678, 0.96699995, 0.94585, 0.94882005, 0.9467, 0.04525, 0.6, 0.1013, 0.8]","[0, 0, 1, 0, 0, 0, 0, 0, 0, 0, 0, 0, 0]","3.427061"
"2022-08-11T15:17:59.289","[0.5353383, 0.02526165, 0.36282343, 0.025306826, 0.2375, 0.025, 0.025, 0.025, 0.2375, 0.025, 0.025, 0.025, 0.95982003, 0.97416997, 0.94615996, 0.97415, 0.96636003, 0.94594, 0.95015, 0.94678, 0.96699995, 0.94585, 0.94882005, 0.9467, 0.0455, 0.6, 0.1013, 0.9]","[0.5354739, 0.025262374, 0.36181775, 0.02530885, 0.2375, 0.025, 0.025, 0.025, 0.2375, 0.025, 0.025, 0.025, 0.95936996, 0.97352, 0.94475, 0.97353995, 0.96547997, 0.9444, 0.94877, 0.94538003, 0.96619004, 0.94449997, 0.94747, 0.94549006, 0.0455, 0.6, 0.1013, 0.9]","[0, 0, 1, 0, 0, 0, 0, 0, 0, 0, 0, 0, 0]","3.42137"
"2022-08-11T15:18:13.312","[0.5354739, 0.025262374, 0.36181775, 0.02530885, 0.2375, 0.025, 0.025, 0.025, 0.2375, 0.025, 0.025, 0.025, 0.95936996, 0.97352, 0.94475, 0.97353995, 0.96547997, 0.9444, 0.94877, 0.94538003, 0.96619004, 0.94449997, 0.94747, 0.94549006, 0.05575, 0.6, 0.1013, 0.9]","[0.5357409, 0.025265977, 0.36806104, 0.025310775, 0.2375, 0.025, 0.025, 0.025310775, 0.2375, 0.025, 0.025, 0.025, 0.95781, 0.97259, 0.94327, 0.97289, 0.96418, 0.94224, 0.94667, 0.97289, 0.96512, 0.94253, 0.94542, 0.94351995, 0.05575, 0.6, 0.1013, 0.9]","[0, 0, 1, 0, 0, 0, 0, 0, 0, 0, 0, 0, 0]","3.4160817"
"2022-08-11T15:18:23.335","[0.5357409, 0.025265977, 0.36806104, 0.025310775, 0.2375, 0.025, 0.025, 0.025310775, 0.2375, 0.025, 0.025, 0.025, 0.95781, 0.97259, 0.94327, 0.97289, 0.96418, 0.94224, 0.94667, 0.97289, 0.96512, 0.94253, 0.94542, 0.94351995, 0.04075, 0.6, 0.1013, 0.9]","[0.5360748, 0.02526375, 0.36055806, 0.02530795, 0.2375, 0.025, 0.025, 0.025, 0.2375, 0.025, 0.025, 0.025, 0.95685, 0.97195, 0.94122005, 0.97188, 0.9633, 0.94005996, 0.94528, 0.94202006, 0.96442, 0.94124, 0.94408995, 0.94225997, 0.04075, 0.6, 0.1013, 0.9]","[0, 0, 1, 0, 0, 0, 0, 0, 0, 0, 0, 0, 0]","3.411231"
"2022-08-11T15:18:32.358","[0.5360748, 0.02526375, 0.36055806, 0.02530795, 0.2375, 0.025, 0.025, 0.025, 0.2375, 0.025, 0.025, 0.025, 0.95685, 0.97195, 0.94122005, 0.97188, 0.9633, 0.94005996, 0.94528, 0.94202006, 0.96442, 0.94124, 0.94408995, 0.94225997, 0.05225, 0.6, 0.1013, 1.0]","[0.53627956, 0.025259424, 0.35205463, 0.025304226, 0.2375, 0.025, 0.025, 0.025, 0.2375, 0.025, 0.025, 0.025, 0.95589995, 0.97132003, 0.93988, 0.97113997, 0.96286005, 0.93931, 0.94461, 0.94141996, 0.96323997, 0.93995005, 0.94212997, 0.94104, 0.05225, 0.6, 0.1013, 1.0]","[0, 0, 1, 0, 0, 0, 0, 0, 0, 0, 0, 0, 0]","3.4078503"
"2022-08-11T15:18:44.378","[0.53627956, 0.025259424, 0.35205463, 0.025304226, 0.2375, 0.025, 0.025, 0.025, 0.2375, 0.025, 0.025, 0.025, 0.95589995, 0.97132003, 0.93988, 0.97113997, 0.96286005, 0.93931, 0.94461, 0.94141996, 0.96323997, 0.93995005, 0.94212997, 0.94104, 0.0465, 0.6, 0.1015, 1.0]","[0.536373, 0.025258474, 0.39855462, 0.025304226, 0.2375, 0.025, 0.025, 0.025, 0.2375, 0.025, 0.025, 0.025, 0.95497, 0.97068, 0.93988, 0.97113997, 0.96161, 0.93706, 0.94245005, 0.93945, 0.96252, 0.93867, 0.94086, 0.93974996, 0.0465, 0.6, 0.1015, 1.0]","[0, 0, 1, 0, 0, 0, 0, 0, 0, 0, 0, 0, 0]","3.4036052"
"2022-08-11T15:18:53.396","[0.536373, 0.025258474, 0.39855462, 0.025304226, 0.2375, 0.025, 0.025, 0.025, 0.2375, 0.025, 0.025, 0.025, 0.95497, 0.97068, 0.93988, 0.97113997, 0.96161, 0.93706, 0.94245005, 0.93945, 0.96252, 0.93867, 0.94086, 0.93974996, 0.0405, 0.6, 0.1015, 1.0]","[0.53666264, 0.025256574, 0.35179606, 0.025298575, 0.2375, 0.025, 0.025, 0.025, 0.2375, 0.025, 0.025, 0.025, 0.95403, 0.97005, 0.93698996, 0.96987, 0.96083, 0.9356, 0.94107, 0.9381, 0.96182996, 0.93733, 0.93958, 0.93855006, 0.0405, 0.6, 0.1015, 1.0]","[0, 0, 1, 0, 0, 0, 0, 0, 0, 0, 0, 0, 0]","3.401017"
"2022-08-11T15:19:07.418","[0.53666264, 0.025256574, 0.35179606, 0.025298575, 0.2375, 0.025, 0.025, 0.025, 0.2375, 0.025, 0.025, 0.025, 0.95403, 0.97005, 0.93698996, 0.96987, 0.96083, 0.9356, 0.94107, 0.9381, 0.96182996, 0.93733, 0.93958, 0.93855006, 0.06025, 0.6, 0.1015, 1.0]","[0.5367377, 0.025252625, 0.3667924, 0.0252957, 0.2375, 0.025, 0.025, 0.025, 0.2375, 0.025, 0.025, 0.025, 0.95302004, 0.96943, 0.93566, 0.96924, 0.96015, 0.9342, 0.93969, 0.93684995, 0.96072, 0.93536, 0.93763, 0.93663, 0.06025, 0.6, 0.1015, 1.0]","[0, 0, 1, 0, 0, 0, 0, 0, 0, 0, 0, 0, 0]","3.3950887"
"2022-08-11T15:19:17.444","[0.5367377, 0.025252625, 0.3667924, 0.0252957, 0.2375, 0.025, 0.025, 0.025, 0.2375, 0.025, 0.025, 0.025, 0.95302004, 0.96943, 0.93566, 0.96924, 0.96015, 0.9342, 0.93969, 0.93684995, 0.96072, 0.93536, 0.93763, 0.93663, 0.0435, 0.6, 0.1015, 1.0]","[0.5370126, 0.025250524, 0.36478892, 0.0252912, 0.2375, 0.025, 0.025, 0.025, 0.2375, 0.025, 0.025, 0.025, 0.95153, 0.96878, 0.93428004, 0.96862, 0.95934, 0.93283, 0.93836, 0.93555, 0.95989996, 0.93406, 0.93634003, 0.93543, 0.0435, 0.6, 0.1015, 1.0]","[0, 0, 1, 0, 0, 0, 0, 0, 0, 0, 0, 0, 0]","3.390286"
"2022-08-11T15:19:26.466","[0.5370126, 0.025250524, 0.36478892, 0.0252912, 0.2375, 0.025, 0.025, 0.025, 0.2375, 0.025, 0.025, 0.025, 0.95153, 0.96878, 0.93428004, 0.96862, 0.95934, 0.93283, 0.93836, 0.93555, 0.95989996, 0.93406, 0.93634003, 0.93543, 0.04275, 0.6, 0.1015, 1.0]","[0.537177, 0.025248675, 0.3517865, 0.025291676, 0.2375, 0.025, 0.025, 0.025, 0.2375, 0.025, 0.025, 0.025291676, 0.95058, 0.96813005, 0.93281996, 0.96800005, 0.95844, 0.9315, 0.93702006, 0.93434, 0.95918, 0.93275, 0.93507004, 0.96800005, 0.04275, 0.6, 0.1015, 1.0]","[0, 0, 1, 0, 0, 0, 0, 0, 0, 0, 0, 0, 0]","3.3887684"
"2022-08-11T15:19:40.485","[0.537177, 0.025248675, 0.3517865, 0.025291676, 0.2375, 0.025, 0.025, 0.025, 0.2375, 0.025, 0.025, 0.025291676, 0.95058, 0.96813005, 0.93281996, 0.96800005, 0.95844, 0.9315, 0.93702006, 0.93434, 0.95918, 0.93275, 0.93507004, 0.96800005, 0.0445, 0.6, 0.1015, 1.0]","[0.5372602, 0.025246901, 0.35553378, 0.0252873, 0.2375, 0.025, 0.025, 0.025, 0.2375, 0.025, 0.025, 0.025, 0.95004, 0.96751, 0.93149, 0.96738, 0.95699, 0.92946, 0.93507004, 0.93224, 0.95843005, 0.93144995, 0.93375, 0.9328, 0.0445, 0.6, 0.1015, 1.0]","[0, 0, 1, 0, 0, 0, 0, 0, 0, 0, 0, 0, 0]","3.3823545"
"2022-08-11T15:19:50.508","[0.5372602, 0.025246901, 0.35553378, 0.0252873, 0.2375, 0.025, 0.025, 0.025, 0.2375, 0.025, 0.025, 0.025, 0.95004, 0.96751, 0.93149, 0.96738, 0.95699, 0.92946, 0.93507004, 0.93224, 0.95843005, 0.93144995, 0.93375, 0.9328, 0.052, 0.6, 0.1015, 1.0]","[0.5374894, 0.0252488, 0.3087797, 0.025285376, 0.2375, 0.025, 0.025, 0.025, 0.2375, 0.025, 0.025, 0.025, 0.94843, 0.96689004, 0.9301, 0.96671, 0.95616996, 0.92801005, 0.93374, 0.93087995, 0.95771, 0.93007004, 0.93241, 0.93157995, 0.052, 0.6, 0.1015, 1.0]","[0, 0, 1, 0, 0, 0, 0, 0, 0, 0, 0, 0, 0]","3.3783104"
"2022-08-11T15:20:01.530","[0.5374894, 0.0252488, 0.3087797, 0.025285376, 0.2375, 0.025, 0.025, 0.025, 0.2375, 0.025, 0.025, 0.025, 0.94843, 0.96689004, 0.9301, 0.96671, 0.95616996, 0.92801005, 0.93374, 0.93087995, 0.95771, 0.93007004, 0.93241, 0.93157995, 0.05075, 0.6, 0.1015, 1.0]","[0.5376794, 0.025251376, 0.35952872, 0.0252858, 0.2375, 0.025, 0.025, 0.025, 0.2375, 0.025, 0.025, 0.025, 0.94753, 0.96622, 0.92872, 0.96606004, 0.95539004, 0.92660004, 0.9324, 0.92950994, 0.95651, 0.92794, 0.93053, 0.92969, 0.05075, 0.6, 0.1015, 1.0]","[0, 0, 1, 0, 0, 0, 0, 0, 0, 0, 0, 0, 0]","3.3764477"
"2022-08-11T15:20:11.552","[0.5376794, 0.025251376, 0.35952872, 0.0252858, 0.2375, 0.025, 0.025, 0.025, 0.2375, 0.025, 0.025, 0.025, 0.94753, 0.96622, 0.92872, 0.96606004, 0.95539004, 0.92660004, 0.9324, 0.92950994, 0.95651, 0.92794, 0.93053, 0.92969, 0.06125, 0.6, 0.1015, 1.0]","[0.53789026, 0.0252528, 0.32002357, 0.02529145, 0.2375, 0.025, 0.025, 0.025, 0.2375, 0.025, 0.025, 0.02529145, 0.94666, 0.96559, 0.92754, 0.96536005, 0.95467, 0.92514, 0.93107, 0.92827004, 0.95575, 0.92661005, 0.92917997, 0.96536005, 0.06125, 0.6, 0.1015, 1.0]","[0, 0, 1, 0, 0, 0, 0, 0, 0, 0, 0, 0, 0]","3.369278"
"2022-08-11T15:20:21.574","[0.53789026, 0.0252528, 0.32002357, 0.02529145, 0.2375, 0.025, 0.025, 0.025, 0.2375, 0.025, 0.025, 0.02529145, 0.94666, 0.96559, 0.92754, 0.96536005, 0.95467, 0.92514, 0.93107, 0.92827004, 0.95575, 0.92661005, 0.92917997, 0.96536005, 0.05275, 0.6, 0.1019, 0.8]","[0.53799146, 0.025249775, 0.36914444, 0.025294125, 0.2375, 0.025, 0.025, 0.025, 0.2375, 0.025, 0.025, 0.025, 0.94575, 0.96496004, 0.92616, 0.96474, 0.95373, 0.92377, 0.92969, 0.92697, 0.95499, 0.92519, 0.92788005, 0.92714995, 0.05275, 0.6, 0.1019, 0.8]","[0, 0, 1, 0, 0, 0, 0, 0, 0, 0, 0, 0, 0]","3.3722456"
"2022-08-11T15:20:30.595","[0.53799146, 0.025249775, 0.36914444, 0.025294125, 0.2375, 0.025, 0.025, 0.025, 0.2375, 0.025, 0.025, 0.025, 0.94575, 0.96496004, 0.92616, 0.96474, 0.95373, 0.92377, 0.92969, 0.92697, 0.95499, 0.92519, 0.92788005, 0.92714995, 0.061, 0.6, 0.1019, 0.9]","[0.53808004, 0.0252483, 0.39026847, 0.025293924, 0.2375, 0.025, 0.025, 0.025, 0.2375, 0.025, 0.025, 0.025, 0.94487, 0.9643, 0.92477, 0.96412003, 0.95287, 0.92236, 0.92825997, 0.92565, 0.95466006, 0.92452, 0.92727995, 0.92654, 0.061, 0.6, 0.1019, 0.9]","[0, 0, 1, 0, 0, 0, 0, 0, 0, 0, 0, 0, 0]","3.3660681"
"2022-08-11T15:20:40.748","[0.53808004, 0.0252483, 0.39026847, 0.025293924, 0.2375, 0.025, 0.025, 0.025, 0.2375, 0.025, 0.025, 0.025, 0.94487, 0.9643, 0.92477, 0.96412003, 0.95287, 0.92236, 0.92825997, 0.92565, 0.95432997, 0.92376, 0.92669, 0.92593, 0.04025, 0.6, 0.1019, 0.9]","[0.5381477, 0.025247974, 0.3877665, 0.025289975, 0.2375, 0.025, 0.025, 0.025, 0.2375, 0.025, 0.025, 0.025, 0.94391996, 0.96331, 0.92341006, 0.96349, 0.95203, 0.92089, 0.92684, 0.92436, 0.954, 0.92307, 0.92601997, 0.92531997, 0.04025, 0.6, 0.1019, 0.9]","[0, 0, 1, 0, 0, 0, 0, 0, 0, 0, 0, 0, 0]","3.3608515"
"2022-08-11T15:20:53.819","[0.5381477, 0.025247974, 0.3877665, 0.025289975, 0.2375, 0.025, 0.025, 0.025, 0.2375, 0.025, 0.025, 0.025, 0.94391996, 0.96331, 0.92341006, 0.96349, 0.95203, 0.92089, 0.92684, 0.92436, 0.95362, 0.92238, 0.92543, 0.92463994, 0.03875, 0.6, 0.1019, 0.9]","[0.53826857, 0.025247626, 0.3820132, 0.025290424, 0.2375, 0.025, 0.025, 0.025, 0.2375, 0.025, 0.025, 0.025, 0.943, 0.96268, 0.92206, 0.96246004, 0.95097, 0.91865, 0.92477, 0.9222, 0.95293, 0.92112, 0.92415, 0.92343, 0.03875, 0.6, 0.1019, 0.9]","[0, 0, 1, 0, 0, 0, 0, 0, 0, 0, 0, 0, 0]","3.35553"
"2022-08-11T15:21:04.883","[0.53826857, 0.025247626, 0.3820132, 0.025290424, 0.2375, 0.025, 0.025, 0.025, 0.2375, 0.025, 0.025, 0.025, 0.943, 0.96268, 0.92206, 0.96246004, 0.95097, 0.91865, 0.92477, 0.9222, 0.95293, 0.92112, 0.92415, 0.92343, 0.042, 0.6, 0.1019, 0.9]","[0.5384586, 0.025245199, 0.37200972, 0.025288824, 0.2375, 0.025, 0.025, 0.025, 0.2375, 0.025, 0.025, 0.025, 0.94211, 0.96203005, 0.92007005, 0.96181, 0.95024, 0.91719, 0.9235, 0.92092, 0.95224, 0.91973996, 0.92287004, 0.92208, 0.042, 0.6, 0.1019, 0.9]","[0, 0, 1, 0, 0, 0, 0, 0, 0, 0, 0, 0, 0]","3.351864"
"2022-08-11T15:21:13.975","[0.5384586, 0.025245199, 0.37200972, 0.025288824, 0.2375, 0.025, 0.025, 0.025, 0.2375, 0.025, 0.025, 0.025, 0.94211, 0.96203005, 0.92007005, 0.96181, 0.95024, 0.91719, 0.9235, 0.92092, 0.95224, 0.91973996, 0.92287004, 0.92208, 0.04425, 0.6, 0.1019, 1.0]","[0.53862303, 0.0252458, 0.36550885, 0.025286775, 0.2375, 0.025, 0.025, 0.025286775, 0.2375, 0.025, 0.025, 0.025, 0.9412, 0.9614, 0.91866, 0.96111, 0.94948, 0.91573995, 0.92223, 0.96111, 0.95146006, 0.91835, 0.92159, 0.92087, 0.04425, 0.6, 0.1019, 1.0]","[0, 0, 1, 0, 0, 0, 0, 0, 0, 0, 0, 0, 0]","3.352891"
"2022-08-11T15:21:27.048","[0.53862303, 0.0252458, 0.36550885, 0.025286775, 0.2375, 0.025, 0.025, 0.025286775, 0.2375, 0.025, 0.025, 0.025, 0.9412, 0.9614, 0.91866, 0.96111, 0.94948, 0.91573995, 0.92223, 0.96111, 0.95146006, 0.91835, 0.92159, 0.92087, 0.0395, 0.6, 0.1019, 0.9]","[0.538707, 0.0252437, 0.34375727, 0.025286276, 0.2375, 0.025, 0.025, 0.025, 0.2375, 0.025, 0.025, 0.025, 0.94018996, 0.96077, 0.91718, 0.96046996, 0.94855005, 0.91427004, 0.92105, 0.91816, 0.95042, 0.91637003, 0.91957, 0.91902, 0.0395, 0.6, 0.1019, 0.9]","[0, 0, 1, 0, 0, 0, 0, 0, 0, 0, 0, 0, 0]","3.3531857"
"2022-08-11T15:21:36.114","[0.538707, 0.0252437, 0.34375727, 0.025286276, 0.2375, 0.025, 0.025, 0.025, 0.2375, 0.025, 0.025, 0.025, 0.94018996, 0.96077, 0.91718, 0.96046996, 0.94855005, 0.91427004, 0.92105, 0.91816, 0.95042, 0.91637003, 0.91957, 0.91902, 0.052, 0.6, 0.1019, 0.9]","[0.53885263, 0.0252437, 0.39575726, 0.025286276, 0.2375, 0.025, 0.025, 0.025, 0.2375, 0.025, 0.025, 0.025, 0.93878, 0.96077, 0.91718, 0.96046996, 0.94765, 0.91296995, 0.91976, 0.91692, 0.95008004, 0.91569, 0.91889, 0.91841006, 0.052, 0.6, 0.1019, 0.9]","[0, 0, 1, 0, 0, 0, 0, 0, 0, 0, 0, 0, 0]","3.3512511"
"2022-08-11T15:21:50.181","[0.53885263, 0.0252437, 0.39575726, 0.025286276, 0.2375, 0.025, 0.025, 0.025, 0.2375, 0.025, 0.025, 0.025, 0.93878, 0.96077, 0.91718, 0.96046996, 0.94765, 0.91296995, 0.91976, 0.91692, 0.95008004, 0.91569, 0.91889, 0.91841006, 0.05525, 0.6, 0.1019, 0.9]","[0.53888464, 0.025241375, 0.33725598, 0.025281876, 0.2375, 0.025, 0.025, 0.025, 0.2375, 0.025, 0.025, 0.025, 0.9383, 0.95949996, 0.91438, 0.95919, 0.94655997, 0.91083, 0.9177, 0.91483, 0.9487, 0.91385, 0.91692, 0.91656995, 0.05525, 0.6, 0.1019, 0.9]","[0, 0, 1, 0, 0, 0, 0, 0, 0, 0, 0, 0, 0]","3.3488896"
"2022-08-11T15:22:00.261","[0.53888464, 0.025241375, 0.33725598, 0.025281876, 0.2375, 0.025, 0.025, 0.025, 0.2375, 0.025, 0.025, 0.025, 0.9383, 0.95949996, 0.91438, 0.95919, 0.94655997, 0.91083, 0.9177, 0.91483, 0.9487, 0.91385, 0.91692, 0.91656995, 0.0505, 0.6, 0.1019, 0.9]","[0.5391048, 0.025241375, 0.387756, 0.025281876, 0.2375, 0.025, 0.025, 0.025, 0.2375, 0.025, 0.025, 0.025, 0.93681, 0.95949996, 0.91438, 0.95919, 0.9457, 0.90946996, 0.91629, 0.91361, 0.94782996, 0.9125, 0.9157, 0.91535, 0.0505, 0.6, 0.1019, 0.9]","[0, 0, 1, 0, 0, 0, 0, 0, 0, 0, 0, 0, 0]","3.3422928"
"2022-08-11T15:22:11.322","[0.5391048, 0.025241375, 0.387756, 0.025281876, 0.2375, 0.025, 0.025, 0.025, 0.2375, 0.025, 0.025, 0.025, 0.93681, 0.95949996, 0.91438, 0.95919, 0.9457, 0.90946996, 0.91629, 0.91361, 0.94782996, 0.9125, 0.9157, 0.91535, 0.04625, 0.6, 0.1019, 0.9]","[0.53915375, 0.0252438, 0.31300005, 0.02528445, 0.2375, 0.025, 0.025, 0.025, 0.2375, 0.025, 0.025, 0.025, 0.93591005, 0.95792, 0.91077006, 0.95819, 0.94486, 0.90810996, 0.91509, 0.91230005, 0.9469, 0.91111, 0.91431, 0.91412, 0.04625, 0.6, 0.1019, 0.9]","[0, 0, 1, 0, 0, 0, 0, 0, 0, 0, 0, 0, 0]","3.3424516"
"2022-08-11T15:22:21.387","[0.53915375, 0.0252438, 0.31300005, 0.02528445, 0.2375, 0.025, 0.025, 0.025, 0.2375, 0.025, 0.025, 0.025, 0.93591005, 0.95792, 0.91077006, 0.95819, 0.94486, 0.90810996, 0.91509, 0.91230005, 0.9469, 0.91111, 0.91431, 0.91412, 0.0625, 0.6, 0.1019, 0.9]","[0.5393041, 0.02524095, 0.37209317, 0.0252856, 0.2375, 0.025, 0.025, 0.025, 0.2375, 0.025, 0.025, 0.025, 0.93495005, 0.95725995, 0.90933, 0.95693, 0.94397, 0.90672, 0.91380996, 0.91091, 0.94602996, 0.90979, 0.91299003, 0.91290003, 0.0625, 0.6, 0.1019, 0.9]","[0, 0, 1, 0, 0, 0, 0, 0, 0, 0, 0, 0, 0]","3.3397286"
"2022-08-11T15:22:33.443","[0.5393041, 0.02524095, 0.37209317, 0.0252856, 0.2375, 0.025, 0.025, 0.025, 0.2375, 0.025, 0.025, 0.025, 0.93495005, 0.95725995, 0.90933, 0.95693, 0.94397, 0.90672, 0.91380996, 0.91091, 0.94602996, 0.90979, 0.91299003, 0.91290003, 0.0525, 0.6, 0.1019, 0.9]","[0.53941536, 0.025241276, 0.3442447, 0.0252824, 0.2375, 0.025, 0.025, 0.025, 0.2375, 0.025, 0.025, 0.0252824, 0.93404996, 0.95664, 0.90794, 0.95625997, 0.94303, 0.90525, 0.91246, 0.90948, 0.94473, 0.90787005, 0.91097, 0.95625997, 0.0525, 0.6, 0.1019, 0.9]","[0, 0, 1, 0, 0, 0, 0, 0, 0, 0, 0, 0, 0]","3.3313618"
"2022-08-11T15:22:44.529","[0.53941536, 0.025241276, 0.3442447, 0.0252824, 0.2375, 0.025, 0.025, 0.025, 0.2375, 0.025, 0.025, 0.0252824, 0.93404996, 0.95664, 0.90794, 0.95625997, 0.94303, 0.90525, 0.91246, 0.90948, 0.94473, 0.90787005, 0.91097, 0.95625997, 0.04425, 0.6, 0.1019, 0.9]","[0.53948903, 0.02523855, 0.3364933, 0.025279276, 0.2375, 0.025, 0.025, 0.025, 0.2375, 0.025, 0.025, 0.025, 0.93314004, 0.95602, 0.90656, 0.95559996, 0.94198, 0.90299004, 0.91040003, 0.90752, 0.94405997, 0.90602994, 0.90970004, 0.90974, 0.04425, 0.6, 0.1019, 0.9]","[0, 0, 1, 0, 0, 0, 0, 0, 0, 0, 0, 0, 0]","3.3282654"
"2022-08-11T15:22:58.598","[0.53948903, 0.02523855, 0.3364933, 0.025279276, 0.2375, 0.025, 0.025, 0.025, 0.2375, 0.025, 0.025, 0.025, 0.93314004, 0.95602, 0.90656, 0.95559996, 0.94198, 0.90299004, 0.91040003, 0.90752, 0.94405997, 0.90602994, 0.90970004, 0.90974, 0.058, 0.6, 0.1019, 1.0]","[0.53957224, 0.025234975, 0.39723942, 0.02527845, 0.2375, 0.025, 0.025, 0.025, 0.2375, 0.025, 0.025, 0.02527845, 0.93217003, 0.95539004, 0.90519994, 0.95491, 0.94124, 0.90153, 0.90897006, 0.90620005, 0.94289, 0.90405, 0.90782, 0.95491, 0.058, 0.6, 0.1019, 1.0]","[0, 0, 1, 0, 0, 0, 0, 0, 0, 0, 0, 0, 0]","3.3286562"
"2022-08-11T15:23:08.663","[0.53957224, 0.025234975, 0.39723942, 0.02527845, 0.2375, 0.025, 0.025, 0.025, 0.2375, 0.025, 0.025, 0.02527845, 0.93217003, 0.95539004, 0.90519994, 0.95491, 0.94124, 0.90153, 0.90897006, 0.90620005, 0.94289, 0.90405, 0.90782, 0.95491, 0.041, 0.6, 0.1019, 0.9]","[0.53968376, 0.025233801, 0.3802379, 0.02527765, 0.2375, 0.025, 0.025, 0.025, 0.2375, 0.025, 0.025, 0.025, 0.93081003, 0.95475, 0.90380996, 0.95429003, 0.94043, 0.90015, 0.90769994, 0.90499, 0.94196, 0.90264, 0.90653, 0.90668, 0.041, 0.6, 0.1019, 0.9]","[0, 0, 1, 0, 0, 0, 0, 0, 0, 0, 0, 0, 0]","3.3256092"
"2022-08-11T15:23:19.754","[0.53968376, 0.025233801, 0.3802379, 0.02527765, 0.2375, 0.025, 0.025, 0.025, 0.2375, 0.025, 0.025, 0.025, 0.93081003, 0.95475, 0.90380996, 0.95429003, 0.94043, 0.90015, 0.90769994, 0.90499, 0.94196, 0.90264, 0.90653, 0.90668, 0.04575, 0.0, 0.107, 0.9]","[0.53979826, 0.02523365, 0.3292366, 0.025276976, 0.2375, 0.025, 0.025, 0.025, 0.2375, 0.025, 0.025, 0.025, 0.92982, 0.95368, 0.90234, 0.95366997, 0.93891, 0.89798, 0.90556, 0.90293, 0.9411, 0.90141, 0.90507007, 0.90546, 0.04575, 0.0, 0.107, 0.9]","[0, 0, 1, 0, 0, 0, 0, 0, 0, 0, 0, 0, 0]","3.3216283"
"2022-08-11T15:23:30.823","[0.53979826, 0.02523365, 0.3292366, 0.025276976, 0.2375, 0.025, 0.025, 0.025, 0.2375, 0.025, 0.025, 0.025, 0.92982, 0.95368, 0.90234, 0.95366997, 0.93891, 0.89798, 0.90556, 0.90293, 0.9411, 0.90141, 0.90507007, 0.90546, 0.04825, 0.0, 0.107, 0.9]","[0.5399614, 0.025232824, 0.37748733, 0.02527515, 0.2375, 0.025, 0.025, 0.02527515, 0.2375, 0.025, 0.025, 0.025, 0.92891, 0.9533, 0.90101, 0.95305, 0.93818, 0.89655995, 0.90418, 0.95305, 0.94028, 0.90011, 0.90382004, 0.90421, 0.04825, 0.0, 0.107, 0.9]","[0, 0, 1, 0, 0, 0, 0, 0, 0, 0, 0, 0, 0]","3.3205903"
"2022-08-11T15:23:40.908","[0.5399614, 0.025232824, 0.37748733, 0.02527515, 0.2375, 0.025, 0.025, 0.02527515, 0.2375, 0.025, 0.025, 0.025, 0.92891, 0.9533, 0.90101, 0.95305, 0.93818, 0.89655995, 0.90418, 0.95305, 0.94028, 0.90011, 0.90382004, 0.90421, 0.06025, 0.0, 0.107, 0.9]","[0.5400843, 0.025232526, 0.3711981, 0.025274275, 0.2375, 0.025, 0.025, 0.025, 0.2375, 0.025, 0.025, 0.025, 0.92801005, 0.95235, 0.89886004, 0.95205003, 0.93745005, 0.89508003, 0.90274, 0.90029, 0.93948996, 0.89874, 0.90251, 0.90297997, 0.06025, 0.0, 0.107, 0.9]","[0, 0, 1, 0, 0, 0, 0, 0, 0, 0, 0, 0, 0]","3.313834"
"2022-08-11T15:23:49.985","[0.5400843, 0.025232526, 0.3711981, 0.025274275, 0.2375, 0.025, 0.025, 0.025, 0.2375, 0.025, 0.025, 0.025, 0.92801005, 0.95235, 0.89886004, 0.95205003, 0.93745005, 0.89508003, 0.90274, 0.90029, 0.93948996, 0.89874, 0.90251, 0.90297997, 0.06225, 0.0, 0.107, 0.9]","[0.5401793, 0.02523355, 0.31933054, 0.025275499, 0.2375, 0.025, 0.025, 0.025, 0.2375, 0.025, 0.08725, 0.025, 0.92710996, 0.9517, 0.89749, 0.95141, 0.93656, 0.8937, 0.90137, 0.89899004, 0.93913, 0.89805, 0.90119004, 0.90176004, 0.06225, 0.0, 0.107, 0.9]","[0, 0, 0, 0, 0, 0, 0, 0, 0, 0, 1, 0, 0]","3.3132734"
"2022-08-11T15:23:59.063","[0.5401793, 0.02523355, 0.31933054, 0.025275499, 0.2375, 0.025, 0.025, 0.025, 0.2375, 0.025, 0.08725, 0.025, 0.92710996, 0.9517, 0.89749, 0.95141, 0.93656, 0.8937, 0.90137, 0.89899004, 0.93913, 0.89805, 0.90119004, 0.90176004, 0.04575, 0.0, 0.107, 0.9]","[0.54020494, 0.025233049, 0.32423297, 0.02527765, 0.2375, 0.025, 0.025, 0.025, 0.2375, 0.025, 0.025, 0.025, 0.92658997, 0.95108, 0.89592004, 0.95077, 0.93568003, 0.89226997, 0.89996004, 0.89774, 0.93827003, 0.89676005, 0.90059, 0.90055, 0.04575, 0.0, 0.107, 0.9]","[0, 0, 1, 0, 0, 0, 0, 0, 0, 0, 0, 0, 0]","3.3087642"
"2022-08-11T15:24:10.132","[0.54020494, 0.025233049, 0.32423297, 0.02527765, 0.2375, 0.025, 0.025, 0.025, 0.2375, 0.025, 0.025, 0.025, 0.92658997, 0.95108, 0.89592004, 0.95077, 0.93568003, 0.89226997, 0.89996004, 0.89774, 0.93827003, 0.89676005, 0.90059, 0.90055, 0.05375, 0.0, 0.107, 0.9]","[0.54026896, 0.025232876, 0.31998226, 0.025278425, 0.2375, 0.025, 0.025, 0.025278425, 0.2375, 0.025, 0.025, 0.025, 0.92498, 0.95043, 0.89459, 0.95013, 0.93497, 0.89079005, 0.89857, 0.95013, 0.93741, 0.89537, 0.89924, 0.89934, 0.05375, 0.0, 0.107, 0.9]","[0, 0, 1, 0, 0, 0, 0, 0, 0, 0, 0, 0, 0]","3.3038056"
"2022-08-11T15:24:21.199","[0.54026896, 0.025232876, 0.31998226, 0.025278425, 0.2375, 0.025, 0.025, 0.025278425, 0.2375, 0.025, 0.025, 0.025, 0.92498, 0.95043, 0.89459, 0.95013, 0.93497, 0.89079005, 0.89857, 0.95013, 0.93741, 0.89537, 0.89924, 0.89934, 0.0575, 0.0, 0.107, 0.9]","[0.5403645, 0.02523175, 0.32057709, 0.025277799, 0.2375, 0.025, 0.025, 0.025, 0.2375, 0.025, 0.025, 0.025, 0.92401004, 0.94981, 0.89318, 0.94948995, 0.93418, 0.88949996, 0.89721, 0.89523005, 0.9357, 0.89352995, 0.89675003, 0.89754, 0.0575, 0.0, 0.107, 0.9]","[0, 0, 1, 0, 0, 0, 0, 0, 0, 0, 0, 0, 0]","3.3000226"
"2022-08-11T15:24:35.261","[0.5403645, 0.02523175, 0.32057709, 0.025277799, 0.2375, 0.025, 0.025, 0.025, 0.2375, 0.025, 0.025, 0.025, 0.92401004, 0.94981, 0.89318, 0.94948995, 0.93418, 0.88949996, 0.89721, 0.89523005, 0.9357, 0.89352995, 0.89675003, 0.89754, 0.051, 0.0, 0.107, 0.9]","[0.54046434, 0.0252294, 0.38748056, 0.025275076, 0.2375, 0.025, 0.025, 0.025275076, 0.2375, 0.025, 0.025, 0.025, 0.92310995, 0.94914, 0.89184, 0.94885004, 0.93283, 0.88747, 0.89514, 0.94885004, 0.93503, 0.89228994, 0.89552003, 0.89624, 0.051, 0.0, 0.107, 0.9]","[0, 0, 1, 0, 0, 0, 0, 0, 0, 0, 0, 0, 0]","3.2943888"
"2022-08-11T15:24:45.330","[0.54046434, 0.0252294, 0.38748056, 0.025275076, 0.2375, 0.025, 0.025, 0.025275076, 0.2375, 0.025, 0.025, 0.025, 0.92310995, 0.94914, 0.89184, 0.94885004, 0.93283, 0.88747, 0.89514, 0.94885004, 0.93503, 0.89228994, 0.89552003, 0.89624, 0.04875, 0.0, 0.1077, 0.9]","[0.54057705, 0.02522945, 0.43622985, 0.025273874, 0.2375, 0.025, 0.025, 0.025, 0.2375, 0.025, 0.025, 0.025, 0.92173, 0.9485, 0.89048, 0.94822, 0.93214995, 0.88595, 0.89379, 0.89195, 0.93431, 0.89098, 0.89432, 0.89497, 0.04875, 0.0, 0.1077, 0.9]","[0, 0, 1, 0, 0, 0, 0, 0, 0, 0, 0, 0, 0]","3.2864776"
"2022-08-11T15:24:56.412","[0.54057705, 0.02522945, 0.43622985, 0.025273874, 0.2375, 0.025, 0.025, 0.025, 0.2375, 0.025, 0.025, 0.025, 0.92173, 0.9485, 0.89048, 0.94822, 0.93214995, 0.88595, 0.89379, 0.89195, 0.93431, 0.89098, 0.89432, 0.89497, 0.05225, 0.0, 0.1077, 0.9]","[0.5406069, 0.0252283, 0.48847774, 0.025274124, 0.2375, 0.025, 0.025, 0.025, 0.2375, 0.025, 0.025, 0.025, 0.92070997, 0.94788, 0.88905, 0.94755, 0.93135, 0.88456, 0.89252, 0.89059997, 0.93344, 0.88978, 0.89313006, 0.89378, 0.05225, 0.0, 0.1077, 0.9]","[0, 0, 1, 0, 0, 0, 0, 0, 0, 0, 0, 0, 0]","3.2795715"
"2022-08-11T15:25:06.476","[0.5406069, 0.0252283, 0.48847774, 0.025274124, 0.2375, 0.025, 0.025, 0.025, 0.2375, 0.025, 0.025, 0.025, 0.92070997, 0.94788, 0.88905, 0.94755, 0.93135, 0.88456, 0.89252, 0.89059997, 0.93344, 0.88978, 0.89313006, 0.89378, 0.03775, 0.0, 0.1077, 0.9]","[0.5407189, 0.0252291, 0.5262277, 0.025274124, 0.2375, 0.025, 0.025, 0.025, 0.2375, 0.025, 0.025, 0.025, 0.91972, 0.94719005, 0.88905, 0.94755, 0.93044, 0.88319, 0.89132005, 0.88924, 0.93255997, 0.8885, 0.89185995, 0.89257, 0.03775, 0.0, 0.1077, 0.9]","[0, 0, 1, 0, 0, 0, 0, 0, 0, 0, 0, 0, 0]","3.272471"
"2022-08-11T15:25:15.542","[0.5407189, 0.0252291, 0.5262277, 0.025274124, 0.2375, 0.025, 0.025, 0.025, 0.2375, 0.025, 0.025, 0.025, 0.91972, 0.94719005, 0.88905, 0.94755, 0.93044, 0.88319, 0.89132005, 0.88924, 0.93255997, 0.8885, 0.89185995, 0.89257, 0.05425, 0.0, 0.1077, 0.9]","[0.5408043, 0.025230048, 0.58047444, 0.025270201, 0.2375, 0.025, 0.025, 0.025, 0.2375, 0.025, 0.025, 0.025, 0.91884005, 0.9465, 0.88616997, 0.94626, 0.92955, 0.88165003, 0.88995004, 0.8879, 0.93169, 0.88649005, 0.89059997, 0.89135003, 0.05425, 0.0, 0.1077, 0.9]","[0, 0, 1, 0, 0, 0, 0, 0, 0, 0, 0, 0, 0]","3.2681806"
"2022-08-11T15:25:28.615","[0.5408043, 0.025230048, 0.58047444, 0.025270201, 0.2375, 0.025, 0.025, 0.025, 0.2375, 0.025, 0.025, 0.025, 0.91884005, 0.9465, 0.88616997, 0.94626, 0.92955, 0.88165003, 0.88995004, 0.8879, 0.93169, 0.88649005, 0.89059997, 0.89135003, 0.03975, 0.0, 0.1077, 0.9]","[0.5408589, 0.0252285, 0.6202279, 0.025269924, 0.2375, 0.025, 0.025, 0.025, 0.2375, 0.025, 0.025, 0.025269924, 0.91792, 0.94585, 0.88478994, 0.94558996, 0.92864, 0.88029, 0.88859004, 0.88651, 0.93050003, 0.88449997, 0.88874, 0.94558996, 0.03975, 0.0, 0.1077, 0.9]","[0, 0, 1, 0, 0, 0, 0, 0, 0, 0, 0, 0, 0]","3.2580044"
"2022-08-11T15:25:37.689","[0.5408589, 0.0252285, 0.6202279, 0.025269924, 0.2375, 0.025, 0.025, 0.025, 0.2375, 0.025, 0.025, 0.025269924, 0.91792, 0.94585, 0.88478994, 0.94558996, 0.92864, 0.88029, 0.88859004, 0.88651, 0.93050003, 0.88449997, 0.88874, 0.94558996, 0.0415, 0.0, 0.1077, 0.9]","[0.5410074, 0.02522905, 0.6617266, 0.025269924, 0.2375, 0.025, 0.025, 0.025, 0.2375, 0.025, 0.025, 0.025, 0.91697, 0.94523, 0.88348997, 0.94558996, 0.92775, 0.87891996, 0.88717, 0.88514, 0.93011004, 0.88381, 0.88809997, 0.88882005, 0.0415, 0.0, 0.1077, 0.9]","[0, 0, 1, 0, 0, 0, 0, 0, 0, 0, 0, 0, 0]","3.2522955"
"2022-08-11T15:25:50.754","[0.5410074, 0.02522905, 0.6617266, 0.025269924, 0.2375, 0.025, 0.025, 0.025, 0.2375, 0.025, 0.025, 0.025, 0.91697, 0.94523, 0.88348997, 0.94558996, 0.92775, 0.87891996, 0.88717, 0.88514, 0.93011004, 0.88381, 0.88809997, 0.88882005, 0.03975, 0.0, 0.1077, 0.9]","[0.54105526, 0.02522755, 0.65997595, 0.025268225, 0.2375, 0.025, 0.025, 0.025, 0.2375, 0.025, 0.08725, 0.025, 0.91605, 0.94424003, 0.88133, 0.94399, 0.92660004, 0.87684995, 0.88518995, 0.88315004, 0.92884004, 0.88181, 0.88622004, 0.88697, 0.03975, 0.0, 0.1077, 0.9]","[0, 0, 1, 0, 0, 0, 0, 0, 0, 0, 0, 0, 0]","3.2406707"
"2022-08-11T15:25:59.823","[0.54105526, 0.02522755, 0.65997595, 0.025268225, 0.2375, 0.025, 0.025, 0.025, 0.2375, 0.025, 0.08725, 0.025, 0.91605, 0.94424003, 0.88133, 0.94399, 0.92660004, 0.87684995, 0.88518995, 0.88315004, 0.92884004, 0.88181, 0.88622004, 0.88697, 0.04925, 0.0, 0.1077, 0.9]","[0.541195, 0.025226524, 0.75072443, 0.025269149, 0.2375, 0.025, 0.025, 0.025269149, 0.2375, 0.025, 0.08725, 0.025, 0.91453004, 0.94361997, 0.87992996, 0.94336, 0.92582, 0.8755, 0.88378996, 0.94336, 0.92791003, 0.88052005, 0.88501, 0.88578004, 0.04925, 0.0, 0.1077, 0.9]","[0, 0, 1, 0, 0, 0, 0, 0, 0, 0, 0, 0, 0]","3.2365038"
"2022-08-11T15:26:13.891","[0.541195, 0.025226524, 0.75072443, 0.025269149, 0.2375, 0.025, 0.025, 0.025269149, 0.2375, 0.025, 0.08725, 0.025, 0.91453004, 0.94361997, 0.87992996, 0.94336, 0.92582, 0.8755, 0.88378996, 0.94336, 0.92791003, 0.88052005, 0.88501, 0.88578004, 0.047, 0.0, 0.1079, 0.9]","[0.5412437, 0.0252273, 0.7977235, 0.02527075, 0.2375, 0.025, 0.025, 0.025, 0.2375, 0.025, 0.08725, 0.02527075, 0.91400003, 0.94297, 0.87865996, 0.94269997, 0.92494005, 0.87407, 0.88242996, 0.88044, 0.9265, 0.87845004, 0.88315004, 0.94269997, 0.047, 0.0, 0.1079, 0.9]","[0, 0, 1, 0, 0, 0, 0, 0, 0, 0, 0, 0, 0]","3.2306817"
"2022-08-11T15:26:25.961","[0.5412437, 0.0252273, 0.7977235, 0.02527075, 0.2375, 0.025, 0.025, 0.025, 0.2375, 0.025, 0.08725, 0.02527075, 0.91400003, 0.94297, 0.87865996, 0.94269997, 0.92494005, 0.87407, 0.88242996, 0.88044, 0.9265, 0.87845004, 0.88315004, 0.94269997, 0.03875, 0.0, 0.1079, 0.9]","[0.5413368, 0.025227351, 0.83647233, 0.0252714, 0.2375, 0.025, 0.025, 0.025, 0.2375, 0.025, 0.08725, 0.025, 0.91257006, 0.94233, 0.87714, 0.94208, 0.92375, 0.872, 0.88041, 0.87852997, 0.92563003, 0.87707, 0.8819, 0.88204, 0.03875, 0.0, 0.1079, 0.9]","[0, 0, 1, 0, 0, 0, 0, 0, 0, 0, 0, 0, 0]","3.227709"
"2022-08-11T15:26:38.042","[0.5413368, 0.025227351, 0.83647233, 0.0252714, 0.2375, 0.025, 0.025, 0.025, 0.2375, 0.025, 0.08725, 0.025, 0.91257006, 0.94233, 0.87714, 0.94208, 0.92375, 0.872, 0.88041, 0.87852997, 0.92563003, 0.87707, 0.8819, 0.88204, 0.05675, 0.6, 0.1124, 0.5]","[0.5414131, 0.02522675, 0.8932205, 0.0252708, 0.2375, 0.025, 0.025, 0.025, 0.2375, 0.025, 0.08725, 0.025, 0.91157997, 0.94171, 0.8757, 0.94141, 0.92286, 0.87061995, 0.87897, 0.87714994, 0.92496, 0.87584, 0.88069, 0.88083, 0.05675, 0.6, 0.1124, 0.5]","[0, 0, 1, 0, 0, 0, 0, 0, 0, 0, 0, 0, 0]","3.2208147"
"2022-08-11T15:26:48.110","[0.5414131, 0.02522675, 0.8932205, 0.0252708, 0.2375, 0.025, 0.025, 0.025, 0.2375, 0.025, 0.08725, 0.025, 0.91157997, 0.94171, 0.8757, 0.94141, 0.92286, 0.87061995, 0.87897, 0.87714994, 0.92496, 0.87584, 0.88069, 0.88083, 0.03875, 0.6, 0.1124, 0.5]","[0.54152423, 0.02522675, 0.9319705, 0.0252708, 0.2375, 0.025, 0.025, 0.025, 0.2375, 0.025, 0.08725, 0.025, 0.91012, 0.94171, 0.8757, 0.94141, 0.92208, 0.86931, 0.87762, 0.87595004, 0.92425, 0.87452006, 0.87948, 0.87595004, 0.03875, 0.6, 0.1124, 0.5]","[0, 0, 1, 0, 0, 0, 0, 0, 0, 0, 0, 0, 0]","2.212949"
"2022-08-11T15:26:57.175","[0.54152423, 0.02522675, 0.9319705, 0.0252708, 0.2375, 0.025, 0.025, 0.025, 0.2375, 0.025, 0.08725, 0.025, 0.91012, 0.94171, 0.8757, 0.94141, 0.92208, 0.86931, 0.87762, 0.87595004, 0.92425, 0.87452006, 0.87948, 0.87595004, 0.03925, 0.6, 0.1124, 0.5]","[0.5415943, 0.025225075, 0.93246716, 0.025269551, 0.2375, 0.025, 0.025, 0.025, 0.2375, 0.025, 0.08725, 0.025, 0.90914, 0.94009, 0.8723, 0.93975997, 0.92116, 0.86792, 0.87622, 0.87473, 0.92333, 0.87321997, 0.87818, 0.87473, 0.03925, 0.6, 0.1124, 0.5]","[0, 0, 1, 0, 0, 0, 0, 0, 0, 0, 0, 0, 0]","2.2084038"
"2022-08-11T15:27:13.245","[0.5415943, 0.025225075, 0.93246716, 0.025269551, 0.2375, 0.025, 0.025, 0.025, 0.2375, 0.025, 0.08725, 0.025, 0.90914, 0.94009, 0.8723, 0.93975997, 0.92116, 0.86792, 0.87622, 0.87473, 0.92333, 0.87321997, 0.87818, 0.87473, 0.04075, 0.6, 0.1124, 0.5]","[0.541652, 0.025225075, 0.93246716, 0.025269551, 0.2375, 0.025, 0.025, 0.025, 0.2375, 0.025, 0.08725, 0.025, 0.90861, 0.94009, 0.8723, 0.93975997, 0.91997004, 0.86578006, 0.87428004, 0.87264997, 0.92200994, 0.87138003, 0.87635005, 0.87264997, 0.04075, 0.6, 0.1124, 0.5]","[0, 0, 1, 0, 0, 0, 0, 0, 0, 0, 0, 0, 0]","0.0"
"2022-08-11T15:27:21.316","[0.541652, 0.025225075, 0.93246716, 0.025269551, 0.2375, 0.025, 0.025, 0.025, 0.2375, 0.025, 0.08725, 0.025, 0.90861, 0.94009, 0.8723, 0.93975997, 0.91997004, 0.86578006, 0.87428004, 0.87264997, 0.92200994, 0.87138003, 0.87635005, 0.87264997, 0.058, 0.6, 0.1131, 1.0]","[0.5418222, 0.025227752, 0.87571615, 0.025267975, 0.2375, 0.025, 0.025, 0.025, 0.2375, 0.083, 0.08725, 0.025, 0.90669, 0.93877, 0.86948997, 0.93811995, 0.91905, 0.86447, 0.87293, 0.87124, 0.92154, 0.86999, 0.8751, 0.87538004, 0.058, 0.6, 0.1131, 1.0]","[0, 0, 0, 0, 0, 0, 0, 0, 0, 1, 0, 0, 0]","3.2000763"
"2022-08-11T15:27:40.395","[0.5418222, 0.025227752, 0.87571615, 0.025267975, 0.2375, 0.025, 0.025, 0.025, 0.2375, 0.083, 0.08725, 0.025, 0.90669, 0.93877, 0.86948997, 0.93811995, 0.91905, 0.86447, 0.87293, 0.87124, 0.92154, 0.86999, 0.8751, 0.87538004, 0.04375, 0.6, 0.1131, 1.0]","[0.5418718, 0.0252252, 0.8757174, 0.0252646, 0.2375, 0.025, 0.025, 0.025, 0.2375, 0.025, 0.08725, 0.025, 0.90669, 0.93747, 0.86651003, 0.93714994, 0.91739, 0.86166, 0.87037003, 0.86855006, 0.91933, 0.86800003, 0.8726, 0.87351996, 0.04375, 0.6, 0.1131, 1.0]","[0, 0, 1, 0, 0, 0, 0, 0, 0, 0, 0, 0, 0]","0.0"
"2022-08-11T15:27:49.450","[0.5418718, 0.0252252, 0.8757174, 0.0252646, 0.2375, 0.025, 0.025, 0.025, 0.2375, 0.025, 0.08725, 0.025, 0.90669, 0.93747, 0.86651003, 0.93714994, 0.91739, 0.86166, 0.87037003, 0.86855006, 0.91933, 0.86800003, 0.8726, 0.87351996, 0.05425, 0.6, 0.1132, 0.7]","[0.54199547, 0.02522575, 0.8713565, 0.0252656, 0.2375, 0.025, 0.025, 0.025, 0.2375, 0.025, 0.08725, 0.07925, 0.90429, 0.93682, 0.86498, 0.93652, 0.91693, 0.86097, 0.8697, 0.86794996, 0.91886, 0.8667, 0.8714, 0.87224, 0.05425, 0.6, 0.1132, 0.7]","[0, 0, 0, 0, 0, 0, 0, 0, 0, 0, 0, 1, 0]","3.1893756"
"2022-08-11T15:28:03.516","[0.54199547, 0.02522575, 0.8713565, 0.0252656, 0.2375, 0.025, 0.025, 0.025, 0.2375, 0.025, 0.08725, 0.07925, 0.90429, 0.93682, 0.86498, 0.93652, 0.91693, 0.86097, 0.8697, 0.86794996, 0.91886, 0.8667, 0.8714, 0.87224, 0.04725, 0.6, 0.1132, 1.0]","[0.54201525, 0.02522575, 0.9186065, 0.0252656, 0.2375, 0.025, 0.025, 0.025, 0.2375, 0.025, 0.08725, 0.025, 0.90376997, 0.93682, 0.86498, 0.93652, 0.91549003, 0.85884005, 0.86766, 0.86596, 0.9175, 0.86481005, 0.87017995, 0.87043, 0.04725, 0.6, 0.1132, 1.0]","[0, 0, 1, 0, 0, 0, 0, 0, 0, 0, 0, 0, 0]","3.182437"
"2022-08-11T15:28:12.588","[0.54201525, 0.02522575, 0.9186065, 0.0252656, 0.2375, 0.025, 0.025, 0.025, 0.2375, 0.025, 0.08725, 0.025, 0.90376997, 0.93682, 0.86498, 0.93652, 0.91549003, 0.85884005, 0.86766, 0.86596, 0.9175, 0.86481005, 0.87017995, 0.87043, 0.0405, 0.6, 0.1132, 1.0]","[0.5421264, 0.02522685, 0.92421424, 0.025269477, 0.2375, 0.025, 0.025, 0.025, 0.2375, 0.025, 0.08725, 0.025269477, 0.90241, 0.93552, 0.86222, 0.93523, 0.91470003, 0.85748, 0.86644995, 0.86455, 0.91640997, 0.86353, 0.86824995, 0.93523, 0.0405, 0.6, 0.1132, 1.0]","[0, 0, 1, 0, 0, 0, 0, 0, 0, 0, 0, 0, 0]","2.1798654"
"2022-08-11T15:28:26.648","[0.5421264, 0.02522685, 0.92421424, 0.025269477, 0.2375, 0.025, 0.025, 0.025, 0.2375, 0.025, 0.08725, 0.025269477, 0.90241, 0.93552, 0.86222, 0.93523, 0.91470003, 0.85748, 0.86644995, 0.86455, 0.91640997, 0.86353, 0.86824995, 0.93523, 0.04525, 0.6, 0.1132, 0.7]","[0.5421716, 0.02522505, 0.9289632, 0.025268825, 0.2375, 0.025, 0.025, 0.025, 0.2375, 0.025, 0.08725, 0.025, 0.90151, 0.93482, 0.86086, 0.93428004, 0.91347003, 0.85552, 0.86442, 0.86249, 0.91556, 0.86223, 0.86697996, 0.86801004, 0.04525, 0.6, 0.1132, 0.7]","[0, 0, 1, 0, 0, 0, 0, 0, 0, 0, 0, 0, 0]","2.1704395"
"2022-08-11T15:28:35.714","[0.5421716, 0.02522505, 0.9289632, 0.025268825, 0.2375, 0.025, 0.025, 0.025, 0.2375, 0.025, 0.08725, 0.025, 0.90151, 0.93482, 0.86086, 0.93428004, 0.91347003, 0.85552, 0.86442, 0.86249, 0.91556, 0.86223, 0.86697996, 0.86801004, 0.05775, 0.6, 0.1132, 0.7]","[0.54231405, 0.02522325, 0.9242118, 0.025266675, 0.2375, 0.025, 0.025, 0.025266675, 0.2375, 0.025, 0.08725, 0.025, 0.90004, 0.93387, 0.85885, 0.93362, 0.91261, 0.85429, 0.86307997, 0.93362, 0.91467005, 0.86094004, 0.86578006, 0.86681, 0.05775, 0.6, 0.1132, 0.7]","[0, 0, 1, 0, 0, 0, 0, 0, 0, 0, 0, 0, 0]","0.0"
"2022-08-11T15:28:46.785","[0.54231405, 0.02522325, 0.9242118, 0.025266675, 0.2375, 0.025, 0.025, 0.025266675, 0.2375, 0.025, 0.08725, 0.025, 0.90004, 0.93387, 0.85885, 0.93362, 0.91261, 0.85429, 0.86307997, 0.93362, 0.91467005, 0.86094004, 0.86578006, 0.86681, 0.0595, 0.6, 0.1132, 1.0]","[0.54236263, 0.025223274, 0.92421174, 0.02526555, 0.2375, 0.025, 0.025, 0.02526555, 0.2375, 0.025, 0.14675, 0.025, 0.899, 0.9332, 0.85748, 0.93297994, 0.91173, 0.85299003, 0.86175, 0.93297994, 0.91432, 0.85901, 0.86459, 0.86563003, 0.0595, 0.6, 0.1132, 1.0]","[0, 0, 0, 0, 0, 0, 0, 0, 0, 0, 1, 0, 0]","2.1843145"
"2022-08-11T15:29:01.859","[0.54236263, 0.025223274, 0.92421174, 0.02526555, 0.2375, 0.025, 0.025, 0.02526555, 0.2375, 0.025, 0.14675, 0.025, 0.899, 0.9332, 0.85748, 0.93297994, 0.91173, 0.85299003, 0.86175, 0.93297994, 0.91432, 0.85901, 0.86459, 0.86563003, 0.0455, 0.6, 0.1132, 1.0]","[0.5424209, 0.0252217, 0.8769603, 0.02526445, 0.2375, 0.025, 0.025, 0.025, 0.2375, 0.025, 0.14675, 0.025, 0.89857, 0.93253, 0.85616994, 0.93230003, 0.91050005, 0.85086, 0.85972, 0.85785, 0.91269994, 0.85769, 0.86263, 0.86383003, 0.0455, 0.6, 0.1132, 1.0]","[0, 0, 1, 0, 0, 0, 0, 0, 0, 0, 0, 0, 0]","0.0"
"2022-08-11T15:29:13.931","[0.5424209, 0.0252217, 0.8769603, 0.02526445, 0.2375, 0.025, 0.025, 0.025, 0.2375, 0.025, 0.14675, 0.025, 0.89857, 0.93253, 0.85616994, 0.93230003, 0.91050005, 0.85086, 0.85972, 0.85785, 0.91269994, 0.85769, 0.86263, 0.86383003, 0.042, 0.6, 0.1133, 0.5]","[0.54250586, 0.025222724, 0.8769604, 0.0252623, 0.2375, 0.025, 0.025, 0.025, 0.2375, 0.025, 0.14675, 0.0672623, 0.89675003, 0.93154, 0.85406995, 0.93101996, 0.90961, 0.84952, 0.85837996, 0.85656, 0.91226995, 0.85586, 0.86142, 0.93101996, 0.042, 0.6, 0.1133, 0.5]","[0, 0, 0, 0, 0, 0, 0, 0, 0, 0, 0, 1, 0]","2.1509004"
"2022-08-11T15:29:24.993","[0.54250586, 0.025222724, 0.8769604, 0.0252623, 0.2375, 0.025, 0.025, 0.025, 0.2375, 0.025, 0.14675, 0.0672623, 0.89675003, 0.93154, 0.85406995, 0.93101996, 0.90961, 0.84952, 0.85837996, 0.85656, 0.91226995, 0.85586, 0.86142, 0.93101996, 0.055, 0.6, 0.1133, 0.5]","[0.54252005, 0.025221901, 0.9319607, 0.025262251, 0.2375, 0.025, 0.025, 0.025, 0.2375, 0.025, 0.14675, 0.025, 0.89572996, 0.93121004, 0.85342, 0.93069, 0.90883005, 0.84805, 0.85702, 0.85516, 0.91064, 0.85457003, 0.85947, 0.86072, 0.055, 0.6, 0.1133, 0.5]","[0, 0, 1, 0, 0, 0, 0, 0, 0, 0, 0, 0, 0]","1.1468387"
"2022-08-11T15:29:37.061","[0.54252005, 0.025221901, 0.9319607, 0.025262251, 0.2375, 0.025, 0.025, 0.025, 0.2375, 0.025, 0.14675, 0.025, 0.89572996, 0.93121004, 0.85342, 0.93069, 0.90883005, 0.84805, 0.85702, 0.85516, 0.91064, 0.85457003, 0.85947, 0.86072, 0.0485, 0.6, 0.1133, 0.5]","[0.5426251, 0.025220277, 0.92546135, 0.025260225, 0.2375, 0.025, 0.025, 0.025260225, 0.2375, 0.025, 0.14675, 0.025, 0.8947, 0.93027, 0.85149, 0.93004, 0.90760005, 0.84594, 0.855, 0.93004, 0.90976, 0.85274005, 0.85822, 0.85950994, 0.0485, 0.6, 0.1133, 0.5]","[0, 0, 1, 0, 0, 0, 0, 0, 0, 0, 0, 0, 0]","1.1390624"
"2022-08-11T15:29:47.127","[0.5426251, 0.025220277, 0.92546135, 0.025260225, 0.2375, 0.025, 0.025, 0.025260225, 0.2375, 0.025, 0.14675, 0.025, 0.8947, 0.93027, 0.85149, 0.93004, 0.90760005, 0.84594, 0.855, 0.93004, 0.90976, 0.85274005, 0.85822, 0.85950994, 0.055, 0.6, 0.1133, 0.5]","[0.54270196, 0.02522, 0.94645953, 0.025259124, 0.2375, 0.025, 0.025, 0.025, 0.2375, 0.083, 0.14675, 0.025, 0.89365995, 0.92964, 0.85018, 0.92934, 0.90679, 0.84455, 0.85371, 0.85179, 0.9089, 0.85138, 0.85688, 0.85771006, 0.055, 0.6, 0.1133, 0.5]","[0, 0, 1, 0, 0, 0, 0, 0, 0, 0, 0, 0, 0]","1.1315598"
"2022-08-11T15:30:01.192","[0.54270196, 0.02522, 0.94645953, 0.025259124, 0.2375, 0.025, 0.025, 0.025, 0.2375, 0.083, 0.14675, 0.025, 0.89365995, 0.92964, 0.85018, 0.92934, 0.90679, 0.84455, 0.85371, 0.85179, 0.9089, 0.85138, 0.85688, 0.85771006, 0.06075, 0.6, 0.1135, 1.0]","[0.54277664, 0.0252215, 0.9949584, 0.025259424, 0.2375, 0.025, 0.025, 0.025, 0.2375, 0.083, 0.14675, 0.025, 0.89279, 0.92863, 0.84831, 0.92807, 0.90556, 0.84239, 0.85175, 0.84973997, 0.90776, 0.84950995, 0.85488, 0.85582, 0.06075, 0.6, 0.1135, 1.0]","[0, 0, 1, 0, 0, 0, 0, 0, 0, 0, 0, 0, 0]","0.0"
"2022-08-11T15:30:12.268","[0.54277664, 0.0252215, 0.9949584, 0.025259424, 0.2375, 0.025, 0.025, 0.025, 0.2375, 0.083, 0.14675, 0.025, 0.89279, 0.92863, 0.84831, 0.92807, 0.90556, 0.84239, 0.85175, 0.84973997, 0.90776, 0.84950995, 0.85488, 0.85582, 0.054, 0.6, 0.1137, 0.7]","[0.54277086, 0.025222901, 0.9949579, 0.025260374, 0.2375, 0.025, 0.025, 0.025, 0.2375, 0.083, 0.20075, 0.025, 0.89084, 0.92765, 0.84641, 0.92737, 0.90469, 0.84099, 0.84975, 0.84842, 0.90692, 0.84829, 0.85367996, 0.85522, 0.054, 0.6, 0.1137, 0.7]","[0, 0, 0, 0, 0, 0, 0, 0, 0, 0, 1, 0, 0]","2.1159956"
"2022-08-11T15:30:24.350","[0.54277086, 0.025222901, 0.9949579, 0.025260374, 0.2375, 0.025, 0.025, 0.025, 0.2375, 0.083, 0.20075, 0.025, 0.89084, 0.92765, 0.84641, 0.92737, 0.90469, 0.84099, 0.84975, 0.84842, 0.90692, 0.84829, 0.85367996, 0.85522, 0.0385, 0.6, 0.1137, 0.7]","[0.54274666, 0.0252216, 0.99495655, 0.025260875, 0.2375, 0.025, 0.025, 0.025, 0.2375, 0.083, 0.20075, 0.07925, 0.89029, 0.92700994, 0.84513, 0.92673, 0.90379995, 0.83949, 0.84839994, 0.84713, 0.90605, 0.84699, 0.85243, 0.85402, 0.0385, 0.6, 0.1137, 0.7]","[0, 0, 1, 0, 0, 0, 0, 0, 0, 0, 0, 0, 0]","0.0"
"2022-08-11T15:30:31.430","[0.54274666, 0.0252216, 0.99495655, 0.025260875, 0.2375, 0.025, 0.025, 0.025, 0.2375, 0.083, 0.20075, 0.07925, 0.89029, 0.92700994, 0.84513, 0.92673, 0.90379995, 0.83949, 0.84839994, 0.84713, 0.90605, 0.84699, 0.85243, 0.85402, 0.047, 0.6, 0.1138, 0.9]","[0.5427695, 0.0252218, 0.994956, 0.025259951, 0.2845, 0.025, 0.025, 0.025, 0.2375, 0.083, 0.20075, 0.12125, 0.88928, 0.9267, 0.84444, 0.9264, 0.90336, 0.83883005, 0.84773004, 0.84583, 0.90523005, 0.84572, 0.85125, 0.85210997, 0.047, 0.6, 0.1138, 0.9]","[0, 0, 0, 0, 0, 0, 0, 0, 1, 0, 0, 0, 0]","1.4008965"
"2022-08-11T15:30:42.499","[0.5427695, 0.0252218, 0.994956, 0.025259951, 0.2845, 0.025, 0.025, 0.025, 0.2375, 0.083, 0.20075, 0.12125, 0.88928, 0.9267, 0.84444, 0.9264, 0.90336, 0.83883005, 0.84773004, 0.84583, 0.90523005, 0.84572, 0.85125, 0.85210997, 0.0575, 0.6, 0.1138, 0.9]","[0.54281646, 0.0252212, 0.9949553, 0.025258126, 0.2375, 0.025, 0.025, 0.025, 0.2375, 0.083, 0.20075, 0.12125, 0.88879997, 0.92606, 0.84323, 0.92574996, 0.90206003, 0.83677, 0.84572, 0.84446, 0.90417, 0.84433997, 0.84946996, 0.85091, 0.0575, 0.6, 0.1138, 0.9]","[0, 0, 1, 0, 0, 0, 0, 0, 0, 0, 0, 0, 0]","0.0"
"2022-08-11T15:30:49.563","[0.54281646, 0.0252212, 0.9949553, 0.025258126, 0.2375, 0.025, 0.025, 0.025, 0.2375, 0.083, 0.20075, 0.12125, 0.88879997, 0.92606, 0.84323, 0.92574996, 0.90206003, 0.83677, 0.84572, 0.84446, 0.90417, 0.84433997, 0.84946996, 0.85091, 0.0465, 0.6, 0.1139, 0.5]","[0.5429259, 0.0252204, 0.9399552, 0.025257975, 0.2375, 0.025, 0.025, 0.0715, 0.2375, 0.083, 0.20075, 0.12125, 0.88735, 0.92574, 0.84264, 0.925, 0.90162003, 0.83601, 0.845, 0.84385, 0.90374, 0.84373003, 0.84878, 0.85030997, 0.0465, 0.6, 0.1139, 0.5]","[0, 0, 0, 0, 0, 0, 0, 1, 0, 0, 0, 0, 0]","2.0873973"
"2022-08-11T15:31:00.715","[0.5429259, 0.0252204, 0.9399552, 0.025257975, 0.2375, 0.025, 0.025, 0.0715, 0.2375, 0.083, 0.20075, 0.12125, 0.88735, 0.92574, 0.84264, 0.925, 0.90162003, 0.83601, 0.845, 0.84385, 0.90374, 0.84373003, 0.84878, 0.85030997, 0.03925, 0.0, 0.1194, 1.0]","[0.54291034, 0.0252197, 0.9307051, 0.0252569, 0.2375, 0.025, 0.025, 0.0252569, 0.2375, 0.083, 0.20075, 0.12125, 0.8869, 0.9251, 0.84133005, 0.92427003, 0.90039, 0.83399004, 0.84366995, 0.92427003, 0.90282, 0.8418, 0.84760004, 0.84912, 0.03925, 0.0, 0.1194, 1.0]","[0, 0, 1, 0, 0, 0, 0, 0, 0, 0, 0, 0, 0]","1.0788295"
"2022-08-11T15:31:12.785","[0.54291034, 0.0252197, 0.9307051, 0.0252569, 0.2375, 0.025, 0.025, 0.0252569, 0.2375, 0.083, 0.20075, 0.12125, 0.8869, 0.9251, 0.84133005, 0.92427003, 0.90039, 0.83399004, 0.84366995, 0.92427003, 0.90282, 0.8418, 0.84760004, 0.84912, 0.0445, 0.0, 0.1194, 1.0]","[0.5429452, 0.0252197, 0.97520506, 0.0252569, 0.2375, 0.025, 0.025, 0.0715, 0.2375, 0.083, 0.20075, 0.0715, 0.88588, 0.9251, 0.84133005, 0.92427003, 0.89957, 0.83255, 0.84235, 0.84058, 0.90200996, 0.84058, 0.84625, 0.84058, 0.0445, 0.0, 0.1194, 1.0]","[0, 0, 1, 0, 0, 0, 0, 0, 0, 0, 0, 0, 0]","1.0763781"
"2022-08-11T15:31:21.824","[0.5429452, 0.0252197, 0.97520506, 0.0252569, 0.2375, 0.025, 0.025, 0.0715, 0.2375, 0.083, 0.20075, 0.0715, 0.88588, 0.9251, 0.84133005, 0.92427003, 0.89957, 0.83255, 0.84235, 0.84058, 0.90200996, 0.84058, 0.84625, 0.84058, 0.042, 0.0, 0.1194, 1.0]","[0.54307413, 0.0252195, 0.91770315, 0.025256775, 0.2375, 0.025, 0.025, 0.0715, 0.2375, 0.083, 0.20075, 0.0715, 0.88445, 0.92351997, 0.83809996, 0.92294997, 0.89862996, 0.83109003, 0.84094, 0.83928, 0.90120006, 0.83927, 0.84506, 0.83928, 0.042, 0.0, 0.1194, 1.0]","[0, 0, 1, 0, 0, 0, 0, 0, 0, 0, 0, 0, 0]","1.0780315"
"2022-08-11T15:31:36.896","[0.54307413, 0.0252195, 0.91770315, 0.025256775, 0.2375, 0.025, 0.025, 0.0715, 0.2375, 0.083, 0.20075, 0.0715, 0.88445, 0.92351997, 0.83809996, 0.92294997, 0.89862996, 0.83109003, 0.84094, 0.83928, 0.90120006, 0.83927, 0.84506, 0.83928, 0.05775, 0.0, 0.1194, 1.0]","[0.543121, 0.0252194, 0.9202028, 0.025254998, 0.2375, 0.025, 0.025, 0.0715, 0.2375, 0.083, 0.20075, 0.12125, 0.88395, 0.92289, 0.8369, 0.92231005, 0.8975, 0.82892, 0.83891, 0.83728, 0.89992, 0.83739, 0.84309995, 0.84489995, 0.05775, 0.0, 0.1194, 1.0]","[0, 0, 1, 0, 0, 0, 0, 0, 0, 0, 0, 0, 0]","0.0"
"2022-08-11T15:31:49.987","[0.543121, 0.0252194, 0.9202028, 0.025254998, 0.2375, 0.025, 0.025, 0.0715, 0.2375, 0.083, 0.20075, 0.12125, 0.88395, 0.92289, 0.8369, 0.92231005, 0.8975, 0.82892, 0.83891, 0.83728, 0.89992, 0.83739, 0.84309995, 0.84489995, 0.03775, 0.0, 0.1196, 1.0]","[0.5432967, 0.025218975, 0.9202019, 0.02525505, 0.2375, 0.025, 0.06275, 0.0715, 0.2375, 0.083, 0.20075, 0.12125, 0.88196, 0.92195, 0.835, 0.92136, 0.89612997, 0.82676005, 0.83699995, 0.83545, 0.89910007, 0.8361, 0.84188, 0.84367996, 0.03775, 0.0, 0.1196, 1.0]","[0, 0, 0, 0, 0, 0, 1, 0, 0, 0, 0, 0, 0]","2.0624945"
"2022-08-11T15:32:07.060","[0.5432967, 0.025218975, 0.9202019, 0.02525505, 0.2375, 0.025, 0.06275, 0.0715, 0.2375, 0.083, 0.20075, 0.12125, 0.88196, 0.92195, 0.835, 0.92136, 0.89612997, 0.82676005, 0.83699995, 0.83545, 0.89910007, 0.8361, 0.84188, 0.84367996, 0.05, 0.0, 0.1196, 1.0]","[0.5432967, 0.025218975, 0.9202019, 0.02525505, 0.2375, 0.025, 0.025, 0.0715, 0.2375, 0.083, 0.20075, 0.12125, 0.88196, 0.92195, 0.835, 0.92136, 0.89501, 0.82458997, 0.83497, 0.83356005, 0.8976, 0.83344, 0.83936, 0.84126997, 0.05, 0.0, 0.1196, 1.0]","[0, 0, 1, 0, 0, 0, 0, 0, 0, 0, 0, 0, 0]","0.0"
"2022-08-11T15:32:18.131","[0.5432967, 0.025218975, 0.9202019, 0.02525505, 0.2375, 0.025, 0.025, 0.0715, 0.2375, 0.083, 0.20075, 0.12125, 0.88196, 0.92195, 0.835, 0.92136, 0.89501, 0.82458997, 0.83497, 0.83356005, 0.8976, 0.83344, 0.83936, 0.84126997, 0.043, 0.0, 0.1198, 0.8]","[0.5432894, 0.025221424, 0.9152554, 0.0252575, 0.2375, 0.025, 0.025, 0.0715, 0.2375, 0.083, 0.20075, 0.16425, 0.87897, 0.91994005, 0.8311, 0.91936, 0.89405996, 0.8232, 0.83362997, 0.83233, 0.89715, 0.83222, 0.83809996, 0.84006, 0.043, 0.0, 0.1198, 0.8]","[0, 0, 0, 0, 0, 0, 0, 0, 0, 0, 0, 1, 0]","2.0494776"
"2022-08-11T15:32:29.196","[0.5432894, 0.025221424, 0.9152554, 0.0252575, 0.2375, 0.025, 0.025, 0.0715, 0.2375, 0.083, 0.20075, 0.16425, 0.87897, 0.91994005, 0.8311, 0.91936, 0.89405996, 0.8232, 0.83362997, 0.83233, 0.89715, 0.83222, 0.83809996, 0.84006, 0.0505, 0.0, 0.1198, 0.8]","[0.5432058, 0.0252201, 0.88695073, 0.02525685, 0.2375, 0.025, 0.025, 0.0715, 0.2375, 0.083, 0.20075, 0.16425, 0.8785, 0.91926, 0.82989997, 0.91872, 0.89281, 0.82109, 0.83168, 0.83044, 0.89532995, 0.83092004, 0.83678, 0.83825, 0.0505, 0.0, 0.1198, 0.8]","[0, 0, 1, 0, 0, 0, 0, 0, 0, 0, 0, 0, 0]","1.0416203"
"2022-08-11T15:32:41.247","[0.5432058, 0.0252201, 0.88695073, 0.02525685, 0.2375, 0.025, 0.025, 0.0715, 0.2375, 0.083, 0.20075, 0.16425, 0.8785, 0.91926, 0.82989997, 0.91872, 0.89281, 0.82109, 0.83168, 0.83044, 0.89532995, 0.83092004, 0.83678, 0.83825, 0.03775, 0.0, 0.1198, 0.8]","[0.54315233, 0.02521945, 0.8742, 0.0252565, 0.2375, 0.025, 0.025, 0.0715, 0.2375, 0.083, 0.20075, 0.16425, 0.8776, 0.91858, 0.82866997, 0.91809, 0.89195997, 0.81961, 0.83032, 0.82922, 0.89449996, 0.82962, 0.83551, 0.83700997, 0.03775, 0.0, 0.1198, 0.8]","[0, 0, 1, 0, 0, 0, 0, 0, 0, 0, 0, 0, 0]","1.0417438"
"2022-08-11T15:33:01.313","[0.54315233, 0.02521945, 0.8742, 0.0252565, 0.2375, 0.025, 0.025, 0.0715, 0.2375, 0.083, 0.20075, 0.16425, 0.8776, 0.91858, 0.82866997, 0.91809, 0.89195997, 0.81961, 0.83032, 0.82922, 0.89449996, 0.82962, 0.83551, 0.83700997, 0.0485, 0.0, 0.1198, 0.8]","[0.54331744, 0.025218226, 0.9354489, 0.02525725, 0.2375, 0.025, 0.025, 0.0715, 0.2375, 0.083, 0.20075, 0.16425, 0.87523, 0.91726995, 0.8261, 0.91683, 0.89041, 0.81684, 0.82779, 0.82662004, 0.89315003, 0.82712, 0.83309996, 0.83519995, 0.0485, 0.0, 0.1198, 0.8]","[0, 0, 1, 0, 0, 0, 0, 0, 0, 0, 0, 0, 0]","2.034034"
"2022-08-11T15:33:14.388","[0.54331744, 0.025218226, 0.9354489, 0.02525725, 0.2375, 0.025, 0.025, 0.0715, 0.2375, 0.083, 0.20075, 0.16425, 0.87523, 0.91726995, 0.8261, 0.91683, 0.89041, 0.81684, 0.82779, 0.82662004, 0.89315003, 0.82712, 0.83309996, 0.83519995, 0.05175, 0.0, 0.1198, 0.9]","[0.5433543, 0.025218176, 0.97319794, 0.025256375, 0.2375, 0.025, 0.025, 0.0715, 0.2375, 0.083, 0.20075, 0.16425, 0.87474996, 0.91661, 0.82483, 0.91583, 0.88949996, 0.81539, 0.82647, 0.82523, 0.89208, 0.82524, 0.83129996, 0.83282, 0.05175, 0.0, 0.1198, 0.9]","[0, 0, 1, 0, 0, 0, 0, 0, 0, 0, 0, 0, 0]","0.0"
"2022-08-11T15:33:26.454","[0.5433543, 0.025218176, 0.97319794, 0.025256375, 0.2375, 0.025, 0.025, 0.0715, 0.2375, 0.083, 0.20075, 0.16425, 0.87474996, 0.91661, 0.82483, 0.91583, 0.88949996, 0.81539, 0.82647, 0.82523, 0.89208, 0.82524, 0.83129996, 0.83282, 0.04275, 0.0, 0.1198, 0.8]","[0.5433853, 0.025217526, 0.9731977, 0.025256025, 0.2375, 0.025, 0.025, 0.0715, 0.28025, 0.083, 0.20075, 0.16425, 0.87257004, 0.91565, 0.82297, 0.91516, 0.88831, 0.81337, 0.82449996, 0.82334, 0.89123, 0.82386, 0.83009005, 0.83163, 0.04275, 0.0, 0.1198, 0.8]","[0, 0, 0, 0, 0, 0, 0, 0, 0, 0, 0, 0, 1]","1.301697"
"2022-08-11T15:33:40.533","[0.5433853, 0.025217526, 0.9731977, 0.025256025, 0.2375, 0.025, 0.025, 0.0715, 0.28025, 0.083, 0.20075, 0.16425, 0.87257004, 0.91565, 0.82297, 0.91516, 0.88831, 0.81337, 0.82449996, 0.82334, 0.89123, 0.82386, 0.83009005, 0.83163, 0.056, 0.0, 0.1198, 0.8]","[0.54337853, 0.025217526, 0.9731977, 0.025256025, 0.2375, 0.025, 0.025, 0.0715, 0.2375, 0.083, 0.20075, 0.16425, 0.8721, 0.91565, 0.82297, 0.91516, 0.88694, 0.8112, 0.8226, 0.82128, 0.88996005, 0.82189006, 0.82815003, 0.83043, 0.056, 0.0, 0.1198, 0.8]","[0, 0, 1, 0, 0, 0, 0, 0, 0, 0, 0, 0, 0]","0.0"
"2022-08-11T15:34:02.607","[0.54337853, 0.025217526, 0.9731977, 0.025256025, 0.2375, 0.025, 0.025, 0.0715, 0.2375, 0.083, 0.20075, 0.16425, 0.8721, 0.91565, 0.82297, 0.91516, 0.88694, 0.8112, 0.8226, 0.82128, 0.88996005, 0.82189006, 0.82815003, 0.83043, 0.04475, 0.0, 0.1198, 0.7]","[0.54344267, 0.025218574, 0.8364451, 0.025256226, 0.2375, 0.025, 0.025, 0.0715, 0.28225, 0.083, 0.20075, 0.16425, 0.86921996, 0.91339993, 0.81871, 0.91292, 0.88531995, 0.80832, 0.81988996, 0.81863, 0.88921, 0.81861, 0.82495004, 0.82681, 0.04475, 0.0, 0.1198, 0.7]","[0, 0, 0, 0, 0, 0, 0, 0, 0, 0, 0, 0, 1]","1.2984238"
"2022-08-11T15:34:15.647","[0.54344267, 0.025218574, 0.8364451, 0.025256226, 0.2375, 0.025, 0.025, 0.0715, 0.28225, 0.083, 0.20075, 0.16425, 0.86921996, 0.91339993, 0.81871, 0.91292, 0.88531995, 0.80832, 0.81988996, 0.81863, 0.88921, 0.81861, 0.82495004, 0.82681, 0.0555, 0.0, 0.1198, 0.7]","[0.54348, 0.025218701, 0.8364451, 0.0252578, 0.2375, 0.025, 0.025, 0.0252578, 0.2375, 0.083, 0.20075, 0.16425, 0.86876, 0.91274, 0.81751, 0.91193, 0.88414, 0.80633, 0.81795, 0.91193, 0.88723, 0.81731004, 0.82365996, 0.82559997, 0.0555, 0.0, 0.1198, 0.7]","[0, 0, 1, 0, 0, 0, 0, 0, 0, 0, 0, 0, 0]","0.0"
"2022-08-11T15:34:26.719","[0.54348, 0.025218701, 0.8364451, 0.0252578, 0.2375, 0.025, 0.025, 0.0252578, 0.2375, 0.083, 0.20075, 0.16425, 0.86876, 0.91274, 0.81751, 0.91193, 0.88414, 0.80633, 0.81795, 0.91193, 0.88723, 0.81731004, 0.82365996, 0.82559997, 0.03975, 0.0, 0.1198, 0.7]","[0.54356694, 0.025218675, 0.8364464, 0.025257876, 0.2375, 0.025, 0.025, 0.0715, 0.2375, 0.083, 0.20075, 0.16425, 0.86727, 0.91211, 0.81627, 0.91129, 0.88338, 0.80486, 0.81665003, 0.81543, 0.88593, 0.8161, 0.82247, 0.8244, 0.03975, 0.0, 0.1198, 0.7]","[0, 0, 1, 0, 0, 0, 0, 0, 0, 0, 0, 0, 0]","0.0"
"2022-08-11T15:34:39.805","[0.54356694, 0.025218675, 0.8364464, 0.025257876, 0.2375, 0.025, 0.025, 0.0715, 0.2375, 0.083, 0.20075, 0.16425, 0.86727, 0.91211, 0.81627, 0.91129, 0.88338, 0.80486, 0.81665003, 0.81543, 0.88593, 0.8161, 0.82247, 0.8244, 0.0495, 0.0, 0.1198, 0.7]","[0.54354745, 0.02521795, 0.8364462, 0.025257375, 0.2375, 0.025, 0.025, 0.0715, 0.2375, 0.1325, 0.20075, 0.16425, 0.86574, 0.91110003, 0.81446, 0.91066, 0.88249, 0.80341005, 0.81528, 0.81422997, 0.88558, 0.81426, 0.82058996, 0.82258004, 0.0495, 0.0, 0.1198, 0.7]","[0, 0, 0, 0, 0, 0, 0, 0, 0, 1, 0, 0, 0]","1.9822121"
"2022-08-11T15:34:51.862","[0.54354745, 0.02521795, 0.8364462, 0.025257375, 0.2375, 0.025, 0.025, 0.0715, 0.2375, 0.1325, 0.20075, 0.16425, 0.86574, 0.91110003, 0.81446, 0.91066, 0.88249, 0.80341005, 0.81528, 0.81422997, 0.88558, 0.81426, 0.82058996, 0.82258004, 0.057, 0.0, 0.1198, 0.7]","[0.54354686, 0.02521625, 0.8364456, 0.025257826, 0.2375, 0.025, 0.025, 0.0715, 0.2375, 0.1325, 0.20075, 0.16425, 0.86529, 0.91078, 0.81385005, 0.90995, 0.8814, 0.80129, 0.81331, 0.81216, 0.88405, 0.81234, 0.81875, 0.82138, 0.057, 0.0, 0.1198, 0.7]","[0, 0, 1, 0, 0, 0, 0, 0, 0, 0, 0, 0, 0]","0.0"
"2022-08-11T15:35:07.936","[0.54354686, 0.02521625, 0.8364456, 0.025257826, 0.2375, 0.025, 0.025, 0.0715, 0.2375, 0.1325, 0.20075, 0.16425, 0.86529, 0.91078, 0.81385005, 0.90995, 0.8814, 0.80129, 0.81331, 0.81216, 0.88405, 0.81234, 0.81875, 0.82138, 0.0615, 0.0, 0.1198, 0.7]","[0.5436851, 0.0252159, 0.83644414, 0.025256025, 0.2375, 0.025, 0.025, 0.0715, 0.299, 0.1325, 0.20075, 0.16425, 0.86288, 0.90949994, 0.81081, 0.90863997, 0.88001996, 0.79921997, 0.81128, 0.81016, 0.88361, 0.81097, 0.81747, 0.81958, 0.0615, 0.0, 0.1198, 0.7]","[0, 0, 0, 0, 0, 0, 0, 0, 0, 0, 0, 0, 1]","1.269084"
"2022-08-11T15:35:18.006","[0.5436851, 0.0252159, 0.83644414, 0.025256025, 0.2375, 0.025, 0.025, 0.0715, 0.299, 0.1325, 0.20075, 0.16425, 0.86288, 0.90949994, 0.81081, 0.90863997, 0.88001996, 0.79921997, 0.81128, 0.81016, 0.88361, 0.81097, 0.81747, 0.81958, 0.059, 0.0, 0.1198, 0.7]","[0.5436851, 0.0252159, 0.83644414, 0.025256025, 0.2375, 0.025, 0.025, 0.0715, 0.2375, 0.1325, 0.20075, 0.16425, 0.86288, 0.90949994, 0.81081, 0.90863997, 0.87925005, 0.79791, 0.81001997, 0.80887, 0.88228995, 0.80973, 0.81628, 0.81838995, 0.059, 0.0, 0.1198, 0.7]","[0, 0, 1, 0, 0, 0, 0, 0, 0, 0, 0, 0, 0]","0.0"
"2022-08-11T15:35:31.089","[0.5436851, 0.0252159, 0.83644414, 0.025256025, 0.2375, 0.025, 0.025, 0.0715, 0.2375, 0.1325, 0.20075, 0.16425, 0.86288, 0.90949994, 0.81081, 0.90863997, 0.87925005, 0.79791, 0.81001997, 0.80887, 0.88228995, 0.80973, 0.81628, 0.81838995, 0.05, 0.0, 0.0152, 1.0]","[0.5438295, 0.025214976, 0.83644277, 0.025254974, 0.2375, 0.025, 0.025, 0.0715, 0.2375, 0.1825, 0.20075, 0.16425, 0.86107004, 0.90783, 0.80832, 0.90725, 0.87805, 0.79580003, 0.80723, 0.80689, 0.88158, 0.80781, 0.81439, 0.81658995, 0.05, 0.0, 0.0152, 1.0]","[0, 0, 0, 0, 0, 0, 0, 0, 0, 1, 0, 0, 0]","1.9589713"
"2022-08-11T15:35:41.170","[0.5438295, 0.025214976, 0.83644277, 0.025254974, 0.2375, 0.025, 0.025, 0.0715, 0.2375, 0.1825, 0.20075, 0.16425, 0.86107004, 0.90783, 0.80832, 0.90725, 0.87805, 0.79580003, 0.80723, 0.80689, 0.88158, 0.80781, 0.81439, 0.81658995, 0.05775, 0.6, 0.0161, 0.7]","[0.54386234, 0.0252143, 0.836443, 0.0252547, 0.2375, 0.025, 0.025, 0.0715, 0.2375, 0.1825, 0.20075, 0.16425, 0.86059, 0.90709, 0.8071, 0.90662, 0.87718004, 0.79433, 0.80596, 0.80568004, 0.88015, 0.80657995, 0.81319, 0.81597, 0.05775, 0.6, 0.0161, 0.7]","[0, 0, 1, 0, 0, 0, 0, 0, 0, 0, 0, 0, 0]","0.0"
"2022-08-11T15:35:52.240","[0.54386234, 0.0252143, 0.836443, 0.0252547, 0.2375, 0.025, 0.025, 0.0715, 0.2375, 0.1825, 0.20075, 0.16425, 0.86059, 0.90709, 0.8071, 0.90662, 0.87718004, 0.79433, 0.80596, 0.80568004, 0.88015, 0.80657995, 0.81319, 0.81597, 0.06075, 0.6, 0.0191, 1.0]","[0.5439278, 0.025215099, 0.8364427, 0.025253901, 0.2375, 0.025, 0.025, 0.0715, 0.2375, 0.1825, 0.20075, 0.16425, 0.85969, 0.90643996, 0.80587, 0.90595, 0.87628, 0.79299, 0.80453, 0.80436, 0.87945, 0.80534, 0.81189, 0.81416, 0.06075, 0.6, 0.0191, 1.0]","[0, 0, 0, 1, 0, 0, 0, 0, 0, 0, 0, 0, 0]","0.0"
"2022-08-11T15:36:05.297","[0.5439278, 0.025215099, 0.8364427, 0.025253901, 0.2375, 0.025, 0.025, 0.0715, 0.2375, 0.1825, 0.20075, 0.16425, 0.85969, 0.90643996, 0.80587, 0.90595, 0.87628, 0.79299, 0.80453, 0.80436, 0.87945, 0.80534, 0.81189, 0.81416, 0.05775, 0.0, 0.0021, 1.0]","[0.54399544, 0.025216876, 0.83644265, 0.025252625, 0.2375, 0.025, 0.025, 0.0715, 0.2375, 0.1825, 0.20075, 0.16425, 0.8588, 0.90578, 0.80466, 0.90528, 0.87539, 0.79157996, 0.8032, 0.80294997, 0.87815005, 0.80412, 0.81069, 0.8129, 0.05775, 0.0, 0.0021, 1.0]","[0, 0, 1, 0, 0, 0, 0, 0, 0, 0, 0, 0, 0]","0.0"
"2022-08-11T15:36:18.365","[0.54399544, 0.025216876, 0.83644265, 0.025252625, 0.2375, 0.025, 0.025, 0.0715, 0.2375, 0.1825, 0.20075, 0.16425, 0.8588, 0.90578, 0.80466, 0.90528, 0.87504, 0.79089, 0.80253, 0.80224, 0.87772006, 0.80351996, 0.81001, 0.81228995, 0.0455, 0.6, 0.0239, 1.0]","[0.544108, 0.02521725, 0.8364433, 0.025252774, 0.2375, 0.025, 0.025, 0.0715, 0.2375, 0.228, 0.20075, 0.16425, 0.85697, 0.90515, 0.80344003, 0.90432, 0.87417, 0.7896, 0.8011, 0.80096, 0.87728, 0.80163, 0.80821997, 0.81047994, 0.0455, 0.6, 0.0239, 1.0]","[0, 0, 0, 0, 0, 0, 0, 0, 0, 1, 0, 0, 0]","1.939903"
"2022-08-11T15:36:29.430","[0.544108, 0.02521725, 0.8364433, 0.025252774, 0.2375, 0.025, 0.025, 0.0715, 0.2375, 0.228, 0.20075, 0.16425, 0.85697, 0.90515, 0.80344003, 0.90432, 0.87417, 0.7896, 0.8011, 0.80096, 0.87728, 0.80163, 0.80821997, 0.81047994, 0.04375, 0.6, 0.0473, 1.0]","[0.5441339, 0.0252164, 0.8364448, 0.02525245, 0.2375, 0.025, 0.025, 0.0715, 0.2375, 0.228, 0.20075, 0.16425, 0.85644996, 0.90412, 0.80162, 0.90334, 0.87328005, 0.78817004, 0.79963, 0.79963994, 0.87617993, 0.80101997, 0.80748004, 0.80988, 0.04375, 0.6, 0.0473, 1.0]","[0, 0, 1, 0, 0, 0, 0, 0, 0, 0, 0, 0, 0]","0.0"
"2022-08-11T15:36:40.495","[0.5441339, 0.0252164, 0.8364448, 0.02525245, 0.2375, 0.025, 0.025, 0.0715, 0.2375, 0.228, 0.20075, 0.16425, 0.85644996, 0.90412, 0.80162, 0.90334, 0.87328005, 0.78817004, 0.79963, 0.79963994, 0.87617993, 0.80101997, 0.80748004, 0.80988, 0.04075, 0.6, 0.0481, 0.5]","[0.54426295, 0.02521535, 0.83644426, 0.025251973, 0.2375, 0.025, 0.025, 0.0715, 0.2375, 0.228, 0.2415, 0.16425, 0.85443, 0.90345, 0.80039, 0.90271, 0.87257004, 0.78683, 0.79829, 0.79827005, 0.87529, 0.79910004, 0.8056, 0.80867, 0.04075, 0.6, 0.0481, 0.5]","[0, 0, 0, 0, 0, 0, 0, 0, 0, 0, 1, 0, 0]","1.9306388"
"2022-08-11T15:36:51.555","[0.54426295, 0.02521535, 0.83644426, 0.025251973, 0.2375, 0.025, 0.025, 0.0715, 0.2375, 0.228, 0.2415, 0.16425, 0.85443, 0.90345, 0.80039, 0.90271, 0.87257004, 0.78683, 0.79829, 0.79827005, 0.87529, 0.79910004, 0.8056, 0.80867, 0.05175, 0.0, 0.0051, 0.9]","[0.5443076, 0.02521535, 0.8364434, 0.0252521, 0.2375, 0.025, 0.025, 0.0715, 0.2375, 0.228, 0.2415, 0.16425, 0.85394996, 0.90279996, 0.79918, 0.90204, 0.87122, 0.78471, 0.79643, 0.79635, 0.87404, 0.79783994, 0.80428004, 0.80687, 0.05175, 0.0, 0.0051, 0.9]","[0, 0, 1, 0, 0, 0, 0, 0, 0, 0, 0, 0, 0]","0.0"
"2022-08-11T15:36:58.640","[0.5443076, 0.02521535, 0.8364434, 0.0252521, 0.2375, 0.025, 0.025, 0.0715, 0.2375, 0.228, 0.2415, 0.16425, 0.85394996, 0.90279996, 0.79918, 0.90204, 0.87122, 0.78471, 0.79643, 0.79635, 0.87404, 0.79783994, 0.80428004, 0.80687, 0.05175, 0.6, 0.0523, 0.5]","[0.54439145, 0.0252154, 0.83644384, 0.02525145, 0.2375, 0.07675, 0.025, 0.0715, 0.2375, 0.228, 0.2415, 0.02525145, 0.85300004, 0.90245, 0.79857004, 0.90172, 0.87071, 0.78401, 0.79569, 0.79570997, 0.87364995, 0.79722, 0.80369, 0.90172, 0.05175, 0.6, 0.0523, 0.5]","[0, 0, 0, 0, 0, 1, 0, 0, 0, 0, 0, 0, 0]","1.9570272"
"2022-08-11T15:37:11.719","[0.54439145, 0.0252154, 0.83644384, 0.02525145, 0.2375, 0.07675, 0.025, 0.0715, 0.2375, 0.228, 0.2415, 0.02525145, 0.85300004, 0.90245, 0.79857004, 0.90172, 0.87071, 0.78401, 0.79569, 0.79570997, 0.87364995, 0.79722, 0.80369, 0.90172, 0.0385, 0.6, 0.0523, 0.5]","[0.5444136, 0.025215525, 0.8749436, 0.02525145, 0.2375, 0.07675, 0.025, 0.0715, 0.2375, 0.228, 0.2415, 0.16425, 0.8525, 0.9018, 0.79736, 0.90172, 0.86954004, 0.78253996, 0.79433995, 0.79436, 0.87274003, 0.79539, 0.80189, 0.80498004, 0.0385, 0.6, 0.0523, 0.5]","[0, 0, 1, 0, 0, 0, 0, 0, 0, 0, 0, 0, 0]","1.9096544"
"2022-08-11T15:37:20.795","[0.5444136, 0.025215525, 0.8749436, 0.02525145, 0.2375, 0.07675, 0.025, 0.0715, 0.2375, 0.228, 0.2415, 0.16425, 0.8525, 0.9018, 0.79736, 0.90172, 0.86954004, 0.78253996, 0.79433995, 0.79436, 0.87274003, 0.79539, 0.80189, 0.80498004, 0.05075, 0.6, 0.0523, 0.5]","[0.5444728, 0.025215099, 0.88719344, 0.025250975, 0.2375, 0.07675, 0.025, 0.0715, 0.2375, 0.228, 0.2415, 0.16425, 0.85102, 0.90112996, 0.79614997, 0.90033996, 0.86866, 0.78116, 0.79296, 0.79307, 0.87144995, 0.79417, 0.80063003, 0.80317, 0.05075, 0.6, 0.0523, 0.5]","[0, 0, 1, 0, 0, 0, 0, 0, 0, 0, 0, 0, 0]","1.9034078"
"2022-08-11T15:37:33.865","[0.5444728, 0.025215099, 0.88719344, 0.025250975, 0.2375, 0.07675, 0.025, 0.0715, 0.2375, 0.228, 0.2415, 0.16425, 0.85102, 0.90112996, 0.79614997, 0.90033996, 0.86866, 0.78116, 0.79296, 0.79307, 0.87144995, 0.79417, 0.80063003, 0.80317, 0.0485, 0.6, 0.0531, 0.5]","[0.5444972, 0.025215574, 0.8849416, 0.025249075, 0.2375, 0.07675, 0.025, 0.0715, 0.2375, 0.228, 0.2415, 0.16425, 0.85059, 0.90016, 0.79434997, 0.89969003, 0.86747, 0.77912, 0.79097, 0.79116994, 0.87074995, 0.79232, 0.79880995, 0.80197, 0.0485, 0.6, 0.0531, 0.5]","[0, 0, 1, 0, 0, 0, 0, 0, 0, 0, 0, 0, 0]","0.89836526"
"2022-08-11T15:37:44.916","[0.5444972, 0.025215574, 0.8849416, 0.025249075, 0.2375, 0.07675, 0.025, 0.0715, 0.2375, 0.228, 0.2415, 0.16425, 0.85059, 0.90016, 0.79434997, 0.89969003, 0.86747, 0.77912, 0.79097, 0.79116994, 0.87074995, 0.79232, 0.79880995, 0.80197, 0.06, 0.6, 0.0534, 0.7]","[0.54457414, 0.02521445, 0.896441, 0.025248526, 0.2845, 0.07675, 0.025, 0.0715, 0.2375, 0.228, 0.2415, 0.16425, 0.84919, 0.89983004, 0.79315, 0.89898, 0.86657995, 0.77775, 0.78962, 0.78919, 0.86985, 0.79170996, 0.79815, 0.80074, 0.06, 0.6, 0.0534, 0.7]","[0, 0, 1, 0, 0, 0, 0, 0, 0, 0, 0, 0, 0]","0.8911321"
"2022-08-11T15:37:55.993","[0.54457414, 0.02521445, 0.896441, 0.025248526, 0.2845, 0.07675, 0.025, 0.0715, 0.2375, 0.228, 0.2415, 0.16425, 0.84919, 0.89983004, 0.79315, 0.89898, 0.86657995, 0.77775, 0.78962, 0.78919, 0.86985, 0.79170996, 0.79815, 0.80074, 0.05575, 0.6, 0.0534, 0.7]","[0.5446753, 0.025213875, 0.89218974, 0.025248399, 0.2845, 0.07675, 0.06275, 0.0715, 0.2375, 0.228, 0.2415, 0.16425, 0.84831, 0.89874, 0.79193, 0.89835, 0.86566, 0.77639997, 0.78827006, 0.78778, 0.86901003, 0.79041, 0.79689, 0.79953, 0.05575, 0.6, 0.0534, 0.7]","[0, 0, 1, 0, 0, 0, 0, 0, 0, 0, 0, 0, 0]","0.8841932"
"2022-08-11T15:38:06.059","[0.5446753, 0.025213875, 0.89218974, 0.025248399, 0.2845, 0.07675, 0.06275, 0.0715, 0.2375, 0.228, 0.2415, 0.16425, 0.84831, 0.89874, 0.79193, 0.89835, 0.86566, 0.77639997, 0.78827006, 0.78778, 0.86901003, 0.79041, 0.79689, 0.79953, 0.04875, 0.6, 0.0534, 1.0]","[0.54471594, 0.025214424, 0.8851886, 0.0252499, 0.2845, 0.07675, 0.06275, 0.0715, 0.2375, 0.228, 0.2415, 0.16425, 0.84742, 0.89809996, 0.79073, 0.89765, 0.86493, 0.77501, 0.78694, 0.78652, 0.86802, 0.7885, 0.79502, 0.79772, 0.04875, 0.6, 0.0534, 1.0]","[0, 0, 1, 0, 0, 0, 0, 0, 0, 0, 0, 0, 0]","0.8796482"
"2022-08-11T15:38:15.126","[0.54471594, 0.025214424, 0.8851886, 0.0252499, 0.2845, 0.07675, 0.06275, 0.0715, 0.2375, 0.228, 0.2415, 0.16425, 0.84742, 0.89809996, 0.79073, 0.89765, 0.86493, 0.77501, 0.78694, 0.78652, 0.86802, 0.7885, 0.79502, 0.79772, 0.039, 0.6, 0.0534, 0.7]","[0.5447158, 0.025214825, 0.8754374, 0.025250575, 0.2845, 0.07675, 0.06275, 0.0715, 0.2375, 0.228, 0.2415, 0.0715, 0.84647006, 0.89747, 0.78952, 0.89699996, 0.86411005, 0.7737, 0.78560996, 0.78519, 0.86767, 0.78720003, 0.79380995, 0.78519, 0.039, 0.6, 0.0534, 0.7]","[0, 0, 1, 0, 0, 0, 0, 0, 0, 0, 0, 0, 0]","0.8788171"
